Code;Town;Lat;Lon;ComissDate;DecomissDate;InsCapKW;NUTS3nameSP;NUTS2nameSP
RE-00-07;Camariñas;43.16;-9.15;1995-03-14;NaN;5460.00;ACoruna;Galicia
RE-00-08;Mañón;43.65;-7.73;1998-04-03;NaN;24000.00;ACoruna;Galicia
RE-00-31;Cariño;43.73;-7.90;1999-04-27;NaN;14850.00;ACoruna;Galicia
RE-02-14;Laracha (A);43.23;-8.55;2002-03-22;NaN;660.00;ACoruna;Galicia
RE-04-12 (RE-03-05);Muros;42.80;-9.03;2003-03-02;NaN;44600.00;ACoruna;Galicia
RE-04-15 (RE-00-72);Ortigueira;43.65;-7.83;2000-09-06;NaN;24420.00;ACoruna;Galicia
RE-04-16 (RE-02-02);Mañón;43.65;-7.73;2002-01-16;NaN;18480.00;ACoruna;Galicia
RE-04-25 (RE-01-12);Lousame;42.77;-8.84;2001-04-26;NaN;30390.00;ACoruna;Galicia
RE-04-39;Mazaricos;42.93;-8.99;2004-12-07;NaN;33600.00;ACoruna;Galicia
RE-04-46;Negreira;42.91;-8.82;2007-12-19;NaN;7200.00;ACoruna;Galicia
RE-04-46;Negreira;42.91;-8.82;2004-06-30;NaN;36000.00;ACoruna;Galicia
RE-05-100;Somozas (As);43.52;-7.92;2000-08-09;NaN;14400.00;ACoruna;Galicia
RE-05-101;Somozas (As);43.52;-7.92;2000-08-09;NaN;11400.00;ACoruna;Galicia
RE-05-102;Somozas (As);43.52;-7.92;2000-08-09;NaN;22200.00;ACoruna;Galicia
RE-05-119;Cabana de Bergantiños;43.19;-8.90;2005-08-17;NaN;16900.00;ACoruna;Galicia
RE-05-127;Aranga;43.22;-8.01;2005-09-26;NaN;36000.00;ACoruna;Galicia
RE-05-136;Padrón;42.76;-8.63;2005-07-29;NaN;1700.00;ACoruna;Galicia
RE-05-143;Vimianzo;43.10;-9.04;2005-08-07;NaN;3000.00;ACoruna;Galicia
RE-05-18;Camariñas;43.16;-9.15;2003-06-19;NaN;33800.00;ACoruna;Galicia
RE-05-22;Camariñas;43.16;-9.15;1995-03-14;NaN;1200.00;ACoruna;Galicia
RE-05-23;Toques;42.97;-7.95;2000-04-14;NaN;18000.00;ACoruna;Galicia
RE-05-24;Camariñas;43.16;-9.15;2003-09-09;NaN;16900.00;ACoruna;Galicia
RE-05-25;Ponteceso;43.26;-8.88;2000-12-06;NaN;18300.00;ACoruna;Galicia
RE-05-26;Zas;43.09;-8.93;2019-03-12;NaN;24000.00;ACoruna;Galicia
RE-05-27;Arteixo;43.30;-8.51;2004-02-06;NaN;850.00;ACoruna;Galicia
RE-05-57;Malpica de Bergantiños;43.30;-8.81;1997-05-22;NaN;16450.00;ACoruna;Galicia
RE-05-58;Somozas (As);43.52;-7.92;2004-03-03;NaN;10500.00;ACoruna;Galicia
RE-05-60;Monfero;43.35;-8.00;2001-01-29;NaN;17560.00;ACoruna;Galicia
RE-05-64;Mazaricos;42.93;-8.99;2000-06-03;NaN;24600.00;ACoruna;Galicia
RE-05-65;Mazaricos;42.93;-8.99;2000-02-23;NaN;19200.00;ACoruna;Galicia
RE-05-66;Mazaricos;42.93;-8.99;2001-07-26;NaN;21600.00;ACoruna;Galicia
RE-05-67;Mazaricos;42.93;-8.99;2002-09-25;NaN;7800.00;ACoruna;Galicia
RE-05-68;Dumbría;42.99;-9.10;2002-07-15;NaN;34800.00;ACoruna;Galicia
RE-05-75;Pontes de García Rodríguez (As);43.46;-7.87;2002-04-25;NaN;24420.00;ACoruna;Galicia
RE-05-76;Pontes de García Rodríguez (As);43.46;-7.87;2002-04-25;NaN;24420.00;ACoruna;Galicia
RE-05-77;Ortigueira;43.65;-7.83;2002-07-26;NaN;23100.00;ACoruna;Galicia
RE-05-78;Ortigueira;43.65;-7.83;2002-07-26;NaN;24420.00;ACoruna;Galicia
RE-05-86;Pontes de García Rodríguez (As);43.46;-7.87;2004-05-11;NaN;24420.00;ACoruna;Galicia
RE-05-91;Pobra do Caramiñal (A);42.63;-8.95;1999-04-27;NaN;9240.00;ACoruna;Galicia
RE-05-97;Cedeira;43.67;-8.00;1999-08-31;NaN;10200.00;ACoruna;Galicia
RE-05-97;Cedeira;43.67;-8.00;1999-12-22;NaN;22800.00;ACoruna;Galicia
RE-05-98;Vimianzo;43.10;-9.04;2002-02-27;NaN;49500.00;ACoruna;Galicia
RE-05-99;Valdoviño;43.60;-8.12;2002-02-09;NaN;18750.00;ACoruna;Galicia
RE-06-37;Somozas (As);43.52;-7.92;2006-06-16;NaN;3000.00;ACoruna;Galicia
RE-07-108;Ortigueira;43.65;-7.83;2007-11-29;NaN;9350.00;ACoruna;Galicia
RE-07-109;Monfero;43.35;-8.00;2007-10-31;NaN;24650.00;ACoruna;Galicia
RE-07-112;Toques;42.97;-7.95;2007-05-10;NaN;17000.00;ACoruna;Galicia
RE-07-99;Dumbría;42.99;-9.10;2007-10-12;NaN;32500.00;ACoruna;Galicia
RE-08-102;Porto do Son;42.69;-8.99;2007-11-29;NaN;3600.00;ACoruna;Galicia
RE-08-102;Porto do Son;42.69;-8.99;2008-06-27;NaN;15900.00;ACoruna;Galicia
RE-09-07;Ortigueira;43.65;-7.83;2008-06-24;NaN;2900.00;ACoruna;Galicia
RE-09-11;Monfero;43.35;-8.00;2007-12-21;NaN;4000.00;ACoruna;Galicia
RE-09-11;Monfero;43.35;-8.00;2008-03-26;NaN;10000.00;ACoruna;Galicia
RE-10-10;Santa Comba;43.05;-8.81;2009-12-22;NaN;10800.00;ACoruna;Galicia
RE-10-10;Santa Comba;43.05;-8.81;2010-03-16;NaN;10800.00;ACoruna;Galicia
RE-10-22;Sobrado;43.06;-8.00;2009-12-22;NaN;21250.00;ACoruna;Galicia
RE-10-38;Arteixo;43.30;-8.51;2010-04-23;NaN;2000.00;ACoruna;Galicia
RE-13-08;Pobra do Caramiñal (A);42.63;-8.95;2012-05-12;NaN;3000.00;ACoruna;Galicia
RE-13-09;Porto do Son;42.69;-8.99;2012-05-12;NaN;3000.00;ACoruna;Galicia
RE-13-13;Cerceda;43.17;-8.48;2013-09-04;NaN;2550.00;ACoruna;Galicia
RE-14-02;Carnota;42.85;-9.10;2013-06-20;NaN;80.00;ACoruna;Galicia
REP-06-05;Ponteceso;43.26;-8.88;2005-12-15;NaN;3000.00;ACoruna;Galicia
REP-06-40;Dumbría;42.99;-9.10;2006-09-27;NaN;40300.00;ACoruna;Galicia
RP-15-01;Aranga;43.22;-8.01;2014-12-19;NaN;14000.00;ACoruna;Galicia
RP-15-03;Monfero;43.35;-8.00;2014-12-23;NaN;100.00;ACoruna;Galicia
RP-16-20;Vimianzo;43.10;-9.04;2014-11-21;NaN;18.00;ACoruna;Galicia
RP-17-03;Coristanco;43.16;-8.77;2016-12-20;NaN;7200.00;ACoruna;Galicia
RP-18-02;Muxía;43.06;-9.19;2018-02-08;NaN;46000.00;ACoruna;Galicia
RP-18-03;Muxía;43.06;-9.19;2018-02-08;NaN;22000.00;ACoruna;Galicia
RP-19-08;Laxe;43.19;-9.02;2019-10-17;NaN;7200.00;ACoruna;Galicia
RP-19-09;Cabana de Bergantiños;43.19;-8.90;2019-10-18;NaN;9610.00;ACoruna;Galicia
RP-19-13;Vimianzo;43.10;-9.04;2019-10-20;NaN;39600.00;ACoruna;Galicia
RP-19-20;Vimianzo;43.10;-9.04;2019-12-27;NaN;24000.00;ACoruna;Galicia
RP-22-02;Vimianzo;43.10;-9.04;2022-03-25;NaN;7300.00;ACoruna;Galicia
RP-22-03;Dumbría;42.99;-9.10;2022-03-25;NaN;10395.00;ACoruna;Galicia
RP-22-04;Vimianzo;43.10;-9.04;2022-03-25;NaN;10395.00;ACoruna;Galicia
AB-b.2-0099;Caudete;38.71;-1.01;2004-07-15;NaN;26350.00;Albacete;CastillaLaMancha
AB-b.2-033;Barrax;39.03;-2.20;2002-09-13;NaN;3600.00;Albacete;CastillaLaMancha
AB-b.2-038;Hoya-Gonzalo;38.96;-1.56;2003-08-25;NaN;13200.00;Albacete;CastillaLaMancha
AB-b.2-040;Carcelén;39.11;-1.29;2004-01-30;NaN;49600.00;Albacete;CastillaLaMancha
AB-b.2-1-0112;Masegoso;38.72;-2.31;2011-03-08;NaN;10500.00;Albacete;CastillaLaMancha
AB-b.2.1-0017;Alpera;38.99;-1.27;2000-04-27;NaN;36960.00;Albacete;CastillaLaMancha
AB-b.2.1-0020;Bonete;38.89;-1.31;2000-12-29;NaN;24420.00;Albacete;CastillaLaMancha
AB-b.2.1-0023;Pozo Cañada;38.78;-1.76;2001-01-25;NaN;24420.00;Albacete;CastillaLaMancha
AB-b.2.1-0029;Casas de Lázaro;38.76;-2.23;2001-07-26;NaN;48000.00;Albacete;CastillaLaMancha
AB-b.2.1-0030;Pozohondo;38.71;-1.91;2001-05-09;NaN;26250.00;Albacete;CastillaLaMancha
AB-b.2.1-0034;Chinchilla de Monte-Aragón;38.88;-1.64;2002-02-12;NaN;39100.00;Albacete;CastillaLaMancha
AB-b.2.1-0036;Chinchilla de Monte-Aragón;38.88;-1.64;2003-02-27;NaN;29750.00;Albacete;CastillaLaMancha
AB-b.2.1-0039;Caudete;38.71;-1.01;2003-01-09;NaN;46860.00;Albacete;CastillaLaMancha
AB-b.2.1-0072;Peñas de San Pedro;38.74;-2.03;2003-12-22;NaN;42000.00;Albacete;CastillaLaMancha
AB-b.2.1-0075;Alatoz;39.08;-1.37;2007-06-08;NaN;30000.00;Albacete;CastillaLaMancha
AB-b.2.1-0078;Alpera;38.99;-1.27;2009-12-03;NaN;40000.00;Albacete;CastillaLaMancha
AB-b.2.1-0079;Chinchilla de Monte-Aragón;38.88;-1.64;2008-10-21;NaN;14450.00;Albacete;CastillaLaMancha
AB-b.2.1-0081;Alpera;38.99;-1.27;2007-06-08;NaN;30000.00;Albacete;CastillaLaMancha
AB-b.2.1-0083;Chinchilla de Monte-Aragón;38.88;-1.64;2006-03-04;NaN;11900.00;Albacete;CastillaLaMancha
AB-b.2.1-0084;Villavaliente;39.12;-1.47;2004-01-10;NaN;49500.00;Albacete;CastillaLaMancha
AB-b.2.1-0085;Lezuza;38.95;-2.31;2009-04-20;NaN;30000.00;Albacete;CastillaLaMancha
AB-b.2.1-0086;Albacete;38.96;-1.89;2007-02-23;NaN;2000.00;Albacete;CastillaLaMancha
AB-b.2.1-0087;Fuente-Álamo;38.71;-1.46;2005-11-10;NaN;50000.00;Albacete;CastillaLaMancha
AB-b.2.1-0088;Munera;39.09;-2.45;2007-03-21;NaN;39600.00;Albacete;CastillaLaMancha
AB-b.2.1-0089;Munera;39.09;-2.45;2007-12-12;NaN;30600.00;Albacete;CastillaLaMancha
AB-b.2.1-0095;Bonillo (El);38.94;-2.58;2008-10-14;NaN;50000.00;Albacete;CastillaLaMancha
AB-b.2.1-0096;Albacete;38.96;-1.89;2003-12-17;NaN;50000.00;Albacete;CastillaLaMancha
AB-b.2.1-0097;Bonillo (El);38.94;-2.58;2007-12-17;NaN;49980.00;Albacete;CastillaLaMancha
AB-b.2.1-0098;Bonillo (El);38.94;-2.58;2007-12-17;NaN;49980.00;Albacete;CastillaLaMancha
AB-b.2.1-0102;Bonillo (El);38.94;-2.58;2004-07-09;NaN;37400.00;Albacete;CastillaLaMancha
AB-b.2.1-0104;Bonillo (El);38.94;-2.58;2004-07-09;NaN;45050.00;Albacete;CastillaLaMancha
AB-b.2.1-0106;Hoya-Gonzalo;38.96;-1.56;2006-12-29;NaN;49500.00;Albacete;CastillaLaMancha
AB-b.2.1-0108;Bonillo (El);38.94;-2.58;2004-07-09;NaN;41650.00;Albacete;CastillaLaMancha
AB-b.2.1-0109;Bonillo (El);38.94;-2.58;2004-11-24;NaN;24000.00;Albacete;CastillaLaMancha
AB-b.2.1-0111;Almansa;38.84;-1.09;2006-05-24;NaN;32000.00;Albacete;CastillaLaMancha
AB-b.2.1-0112;Masegoso;38.72;-2.31;2012-06-29;NaN;10500.00;Albacete;CastillaLaMancha
AB-b.2.1-0117;Masegoso;38.72;-2.31;2006-06-20;NaN;24000.00;Albacete;CastillaLaMancha
AB-b.2.1-0118;Lezuza;38.95;-2.31;2009-03-27;NaN;25000.00;Albacete;CastillaLaMancha
AB-b.2.1-0120;Almansa;38.84;-1.09;2005-09-13;NaN;30000.00;Albacete;CastillaLaMancha
AB-b.2.1-0121;Masegoso;38.72;-2.31;2006-10-17;NaN;13500.00;Albacete;CastillaLaMancha
AB-b.2.1-0121;Masegoso;38.72;-2.31;2006-11-12;NaN;22500.00;Albacete;CastillaLaMancha
AB-b.2.1-0122;Masegoso;38.72;-2.31;2006-11-12;NaN;15000.00;Albacete;CastillaLaMancha
AB-b.2.1-0122;Masegoso;38.72;-2.31;2006-10-17;NaN;16500.00;Albacete;CastillaLaMancha
AB-b.2.1-0122;Masegoso;38.72;-2.31;2007-09-01;NaN;18000.00;Albacete;CastillaLaMancha
AB-b.2.1-0123;Peñascosa;38.67;-2.33;2007-05-07;NaN;10500.00;Albacete;CastillaLaMancha
AB-b.2.1-0123;Peñascosa;38.67;-2.33;2007-02-20;NaN;15000.00;Albacete;CastillaLaMancha
AB-b.2.1-0123;Peñascosa;38.67;-2.33;2007-08-02;NaN;22500.00;Albacete;CastillaLaMancha
AB-b.2.1-0124;Barrax;39.03;-2.20;2007-12-21;NaN;10500.00;Albacete;CastillaLaMancha
AB-b.2.1-0124;Barrax;39.03;-2.20;2008-11-02;NaN;19500.00;Albacete;CastillaLaMancha
AB-b.2.1-013;Higueruela;38.97;-1.43;2000-05-06;NaN;37600.00;Albacete;CastillaLaMancha
AB-b.2.1-0137;Almansa;38.84;-1.09;2005-10-27;NaN;15300.00;Albacete;CastillaLaMancha
AB-b.2.1-0139;Villa de Ves;39.19;-1.25;2005-10-19;NaN;22000.00;Albacete;CastillaLaMancha
AB-b.2.1-014;Higueruela;38.97;-1.43;2000-05-06;NaN;23100.00;Albacete;CastillaLaMancha
AB-b.2.1-015;Higueruela;38.97;-1.43;2000-05-06;NaN;24420.00;Albacete;CastillaLaMancha
AB-b.2.1-016;Higueruela;38.97;-1.43;2000-05-06;NaN;26400.00;Albacete;CastillaLaMancha
AB-b.2.1-019;Pétrola;38.79;-1.53;2000-09-26;NaN;45540.00;Albacete;CastillaLaMancha
AB-b.2.1-021;Higueruela;38.97;-1.43;2000-12-29;NaN;49500.00;Albacete;CastillaLaMancha
AB-b.2.1-022;Pétrola;38.79;-1.53;2000-09-26;NaN;31020.00;Albacete;CastillaLaMancha
AB-b.2.1-026;Hellín;38.46;-1.67;2001-03-14;NaN;49500.00;Albacete;CastillaLaMancha
AB-b.2.1-0260;Pozo-Lorente;39.06;-1.48;2009-07-27;NaN;12000.00;Albacete;CastillaLaMancha
AB-b.2.1-0260;Pozo-Lorente;39.06;-1.48;2008-06-06;NaN;37500.00;Albacete;CastillaLaMancha
AB-b.2.1-037;Chinchilla de Monte-Aragón;38.88;-1.64;2003-02-27;NaN;22950.00;Albacete;CastillaLaMancha
AB-b.2.1-041;Pozuelo;38.81;-2.09;2003-09-17;NaN;20400.00;Albacete;CastillaLaMancha
AB-b.2.1-1436;Bonete;38.89;-1.31;2001-01-31;NaN;33100.00;Albacete;CastillaLaMancha
AB-b.2.1-2873;Roda (La);39.17;-2.20;2007-12-21;NaN;28500.00;Albacete;CastillaLaMancha
AB-b.2.1-7571;Pozohondo;38.71;-1.91;2009-01-21;NaN;48000.00;Albacete;CastillaLaMancha
AB-b.2.1-7598;Gineta (La);39.11;-2.00;2008-02-06;NaN;6.00;Albacete;CastillaLaMancha
AB-b.2.1-7599;Gineta (La);39.11;-2.00;2008-02-06;NaN;6.00;Albacete;CastillaLaMancha
AB-b.2.1-7600;Gineta (La);39.11;-2.00;2008-02-06;NaN;6.00;Albacete;CastillaLaMancha
AB-b.2.1-7601;Gineta (La);39.11;-2.00;2008-02-06;NaN;6.00;Albacete;CastillaLaMancha
AB-b.2.1-7602;Gineta (La);39.11;-2.00;2008-02-06;NaN;6.00;Albacete;CastillaLaMancha
AB-b.2.1-7603;Gineta (La);39.11;-2.00;2008-02-06;NaN;6.00;Albacete;CastillaLaMancha
AB-b.2.1-7604;Gineta (La);39.11;-2.00;2008-02-06;NaN;6.00;Albacete;CastillaLaMancha
AB-b.2.1-7605;Gineta (La);39.11;-2.00;2008-02-06;NaN;6.00;Albacete;CastillaLaMancha
AB-b.2.1-7606;Gineta (La);39.11;-2.00;2008-02-06;NaN;6.00;Albacete;CastillaLaMancha
AB-b.2.1-7607;Gineta (La);39.11;-2.00;2008-02-06;NaN;6.00;Albacete;CastillaLaMancha
AB-b.2.1-7608;Gineta (La);39.11;-2.00;2008-02-06;NaN;6.00;Albacete;CastillaLaMancha
AB-b.2.1-7609;Gineta (La);39.11;-2.00;2008-02-06;NaN;6.00;Albacete;CastillaLaMancha
AB-b.2.1-7639;Albacete;38.96;-1.89;2009-12-15;NaN;3000.00;Albacete;CastillaLaMancha
AB-b.2.1-7947;Lezuza;38.95;-2.31;2017-05-17;NaN;225.00;Albacete;CastillaLaMancha
AB-b.2.1-7958;Bonete;38.89;-1.31;2020-04-16;NaN;5000.00;Albacete;CastillaLaMancha
AB-b.2.1-7959;Pozohondo;38.71;-1.91;2020-02-27;NaN;4000.00;Albacete;CastillaLaMancha
AB-b.2.1-7961;Barrax;39.03;-2.20;2021-04-23;NaN;39900.00;Albacete;CastillaLaMancha
AB-b.2.1-7963;Chinchilla de Monte-Aragón;38.88;-1.64;2021-05-20;NaN;27300.00;Albacete;CastillaLaMancha
AB-b.2.1.-0082;Alcadozo;38.66;-2.06;2005-04-07;NaN;49500.00;Albacete;CastillaLaMancha
AB-b.2.1.-0255;Alpera;38.99;-1.27;2006-01-25;NaN;6000.00;Albacete;CastillaLaMancha
AB-b.2.1.-0256;Alpera;38.99;-1.27;2006-02-08;NaN;12000.00;Albacete;CastillaLaMancha
0001/98/AL;Enix;36.88;-2.60;1997-07-28;NaN;13200.00;Almeria;Andalucia
0004/09/AL;Turrillas;37.03;-2.26;2009-04-16;NaN;28900.00;Almeria;Andalucia
0005/14/AL;Cuevas del Almanzora;37.32;-1.82;2014-07-16;NaN;10.50;Almeria;Andalucia
0013/05/AL;Serón;37.34;-2.55;2008-05-21;NaN;10000.00;Almeria;Andalucia
0014/06/AL;Serón;37.34;-2.55;2007-12-18;NaN;4000.00;Almeria;Andalucia
0015/04/AL;Nacimiento;37.13;-2.66;2007-10-12;NaN;850.00;Almeria;Andalucia
0042/04/AL;Serón;37.34;-2.55;2007-12-13;NaN;4000.00;Almeria;Andalucia
0043/04/AL;Serón;37.34;-2.55;2007-12-15;NaN;4000.00;Almeria;Andalucia
0061/12/AL;Vélez-Rubio;37.59;-2.06;2012-08-16;NaN;14000.00;Almeria;Andalucia
0062/12/AL;Vélez-Rubio;37.59;-2.06;2012-08-16;NaN;34500.00;Almeria;Andalucia
0065/03/AL;Nacimiento;37.13;-2.66;2007-12-28;NaN;1800.00;Almeria;Andalucia
0065/03/AL;Nacimiento;37.13;-2.66;2008-06-17;NaN;22000.00;Almeria;Andalucia
0067/03/AL;Abla;37.16;-2.77;2008-01-02;NaN;22000.00;Almeria;Andalucia
0089/03/AL;Abla;37.16;-2.77;2009-05-27;NaN;16000.00;Almeria;Andalucia
0090/03/AL;Nacimiento;37.13;-2.66;2009-05-27;NaN;19500.00;Almeria;Andalucia
0104/03/AL;Fiñana;37.19;-2.86;2007-12-13;NaN;28000.00;Almeria;Andalucia
0106/03/AL;Abrucena;37.13;-2.83;2009-05-27;NaN;12000.00;Almeria;Andalucia
0162/08/AL;Serón;37.34;-2.55;2008-07-10;NaN;49500.00;Almeria;Andalucia
0208/05/AL;Tres Villas (Las);37.16;-2.72;2009-07-07;NaN;49500.00;Almeria;Andalucia
RGRE/014/06/AL;Serón;37.34;-2.55;2008-06-03;NaN;24000.00;Almeria;Andalucia
RGRE/015/06/AL;Serón;37.34;-2.55;2007-12-15;NaN;4000.00;Almeria;Andalucia
RGRE/015/06/AL;Serón;37.34;-2.55;2008-04-17;NaN;18000.00;Almeria;Andalucia
RGRE/042/04/AL;Serón;37.34;-2.55;2008-06-03;NaN;45500.00;Almeria;Andalucia
RGRE/043/04/AL;Serón;37.34;-2.55;2007-04-17;NaN;45500.00;Almeria;Andalucia
R.E. 01/32;Iruña Oka/Iruña de Oca;42.83;-2.82;2005-10-17;NaN;49980.00;Araba;PaisVasco
RE 01/76;Bernedo;42.69;-2.52;2008-07-21;NaN;5.00;Araba;PaisVasco
RE-01/18-RE-20/69;San Millán/Donemiliaga;42.88;-2.39;2000-06-22;NaN;26970.00;Araba;PaisVasco
RE-01/36 Y RE 20/85;Barrundia;42.91;-2.49;2003-09-24;NaN;32300.00;Araba;PaisVasco
RE-01/93;Moreda de Álava;42.53;-2.42;2016-09-26;NaN;100.00;Araba;PaisVasco
105;Salas;43.41;-6.25;2009-09-18;NaN;850.00;Asturias;Asturias
105;Salas;43.41;-6.25;2009-04-05;NaN;2550.00;Asturias;Asturias
105;Salas;43.41;-6.25;2011-03-31;NaN;3400.00;Asturias;Asturias
106;Salas;43.41;-6.25;2009-04-05;NaN;1700.00;Asturias;Asturias
106;Salas;43.41;-6.25;2009-09-18;NaN;2550.00;Asturias;Asturias
106;Salas;43.41;-6.25;2011-03-31;NaN;5100.00;Asturias;Asturias
106;Salas;43.41;-6.25;2007-07-31;NaN;30600.00;Asturias;Asturias
120;San Tirso de Abres;43.40;-7.14;2012-11-13;NaN;8000.00;Asturias;Asturias
128;Allande;43.24;-6.72;2012-06-27;NaN;2000.00;Asturias;Asturias
128;Allande;43.24;-6.72;2011-08-26;NaN;4000.00;Asturias;Asturias
128;Allande;43.24;-6.72;2011-04-27;NaN;8000.00;Asturias;Asturias
128;Allande;43.24;-6.72;2011-03-31;NaN;8000.00;Asturias;Asturias
128;Allande;43.24;-6.72;2011-05-26;NaN;12000.00;Asturias;Asturias
128;Allande;43.24;-6.72;2011-02-28;NaN;16000.00;Asturias;Asturias
146;Candamo;43.45;-6.06;2011-11-29;NaN;16000.00;Asturias;Asturias
149;Tineo;43.34;-6.48;2009-04-30;NaN;44000.00;Asturias;Asturias
152;Villayón;43.41;-6.71;2012-10-12;NaN;10000.00;Asturias;Asturias
152;Villayón;43.41;-6.71;2012-11-27;NaN;12000.00;Asturias;Asturias
152;Villayón;43.41;-6.71;2012-12-14;NaN;14000.00;Asturias;Asturias
41;Tineo;43.34;-6.48;2001-11-16;NaN;24420.00;Asturias;Asturias
57;Boal;43.42;-6.82;2004-05-31;NaN;5950.00;Asturias;Asturias
74;Salas;43.41;-6.25;2005-01-31;NaN;18000.00;Asturias;Asturias
82;Villanueva de Oscos;43.32;-6.99;2009-01-30;NaN;28000.00;Asturias;Asturias
RIPRE-105;Salas;43.41;-6.25;2007-07-18;NaN;42500.00;Asturias;Asturias
RIPRE-109;Villayón;43.41;-6.71;2021-03-02;NaN;21000.00;Asturias;Asturias
RIPRE-111;Castropol;43.47;-6.97;2012-11-10;NaN;38000.00;Asturias;Asturias
RIPRE-114;Coaña;43.51;-6.76;2007-04-30;NaN;6000.00;Asturias;Asturias
RIPRE-118;Tineo;43.34;-6.48;2021-03-02;NaN;34125.00;Asturias;Asturias
RIPRE-119;Navia;43.53;-6.68;2021-06-28;NaN;2625.00;Asturias;Asturias
RIPRE-119;Navia;43.53;-6.68;2021-03-02;NaN;34125.00;Asturias;Asturias
RIPRE-120;San Tirso de Abres;43.40;-7.14;2020-11-03;NaN;1000.00;Asturias;Asturias
RIPRE-258;Villanueva de Oscos;43.32;-6.99;2013-12-07;NaN;6000.00;Asturias;Asturias
RIPRE-45;Villanueva de Oscos;43.32;-6.99;2002-08-05;NaN;49300.00;Asturias;Asturias
RIPRE-48;Grandas de Salime;43.20;-6.90;2004-01-27;NaN;17820.00;Asturias;Asturias
RIPRE-50;Allande;43.24;-6.72;2003-10-21;NaN;38940.00;Asturias;Asturias
RIPRE-52;Grandas de Salime;43.20;-6.90;2003-04-28;NaN;7920.00;Asturias;Asturias
RIPRE-640;Villayón;43.41;-6.71;2021-08-06;NaN;36750.00;Asturias;Asturias
RIPRE-91;Belmonte de Miranda;43.27;-6.25;2006-10-16;NaN;34850.00;Asturias;Asturias
034/AV/RE/b.2.1/436;Navalperal de Pinares;40.60;-4.44;2006-05-04;NaN;21250.00;Avila;CastillaYLeon
10/AV/RE/b.2/2818;Santa María del Cubillo;40.72;-4.46;2000-04-24;NaN;14520.00;Avila;CastillaYLeon
11/AV/RE/b.2/2818;Ojos-Albos;40.73;-4.51;2000-04-24;NaN;14520.00;Avila;CastillaYLeon
13/AV/RE/b.2/2818;Ávila;40.66;-4.65;2000-07-07;NaN;11880.00;Avila;CastillaYLeon
16/AV/RE/b.2/2818;Navas del Marqués (Las);40.59;-4.35;2002-06-03;NaN;17160.00;Avila;CastillaYLeon
17/AV/RE/b.2/2818;Navas del Marqués (Las);40.59;-4.35;2002-06-03;NaN;10560.00;Avila;CastillaYLeon
18/AV/RE/b.2/2818;Navas del Marqués (Las);40.59;-4.35;2002-06-03;NaN;21120.00;Avila;CastillaYLeon
25/AV/RE/b.2.1/436;Santa María del Cubillo;40.72;-4.46;2004-06-20;NaN;6600.00;Avila;CastillaYLeon
559/AV/RE/b.2.1/661;Valdecasa;40.67;-5.01;2010-03-25;NaN;30600.00;Avila;CastillaYLeon
616/AV/RE/b.2.1/661;San Juan del Olmo;40.64;-5.06;2010-11-06;NaN;8000.00;Avila;CastillaYLeon
617/AV/RE/b.2.1/661;San Juan del Olmo;40.64;-5.06;2010-06-21;NaN;29600.00;Avila;CastillaYLeon
621/AV/RE/b.2.1/661;Ávila;40.66;-4.65;2011-09-30;NaN;16150.00;Avila;CastillaYLeon
626/AV/RE/b.2.1/661;San Juan de la Nava;40.47;-4.68;2012-03-27;NaN;22950.00;Avila;CastillaYLeon
627/AV/RE/b.2.1/661;San Juan de la Nava;40.47;-4.68;2012-03-27;NaN;21250.00;Avila;CastillaYLeon
9/AV/RE/b.2/2818;Santa María del Cubillo;40.72;-4.46;2000-04-24;NaN;14520.00;Avila;CastillaYLeon
1164;Veciana;41.67;1.48;2010-02-18;NaN;29270.00;Barcelona;Cataluna
1173;Pujalt;41.71;1.43;2010-03-23;NaN;28000.00;Barcelona;Cataluna
1178;Pujalt;41.71;1.43;2010-03-23;NaN;28000.00;Barcelona;Cataluna
1189;Pujalt;41.71;1.43;2010-03-23;NaN;42000.00;Barcelona;Cataluna
1225;Rubió;41.66;1.57;2007-12-19;NaN;25500.00;Barcelona;Cataluna
836;Rubió;41.66;1.57;2005-05-18;NaN;49500.00;Barcelona;Cataluna
CAT-745;Llacuna (La);41.47;1.54;1999-10-15;NaN;230.00;Barcelona;Cataluna
48/430;Bermeo;43.41;-2.75;2014-12-22;NaN;3.60;Bizkaia;PaisVasco
RE-48/417;Muxika;43.26;-2.69;2013-05-12;NaN;1.80;Bizkaia;PaisVasco
RE-48/418eo;Lezama;43.28;-2.83;2013-11-25;NaN;10.00;Bizkaia;PaisVasco
RE-48/70-eo;Berriz;43.19;-2.59;2007-10-29;NaN;8500.00;Bizkaia;PaisVasco
RE-48/70-eo;Berriz;43.19;-2.59;2003-11-21;NaN;25500.00;Bizkaia;PaisVasco
RE-48/72-eo;Zierbena;43.35;-3.09;2005-11-22;NaN;10000.00;Bizkaia;PaisVasco
059/BU/RE/b.2/2818;Poza de la Sal;42.66;-3.53;2009-07-21;NaN;892.00;Burgos;CastillaYLeon
084/BU/RE/b.2.1/436;Merindad de Montija;43.07;-3.49;2004-07-30;NaN;30800.00;Burgos;CastillaYLeon
104/BU/RE/b.2.1/436;Merindad de Valdeporres;43.02;-3.76;2005-12-30;NaN;33000.00;Burgos;CastillaYLeon
105/BU/RE/b.2.1/436;Espinosa de los Monteros;43.11;-3.60;2006-10-02;NaN;26400.00;Burgos;CastillaYLeon
111/BU/RE/b.2.1/436;Quintanavides;42.48;-3.42;2006-06-13;NaN;11400.00;Burgos;CastillaYLeon
112/BU/RE/b.2.1/436;Quintanavides;42.48;-3.42;2006-06-13;NaN;17850.00;Burgos;CastillaYLeon
113/BU/RE/b.2.1/436;Monasterio de Rodilla;42.46;-3.49;2006-06-13;NaN;29750.00;Burgos;CastillaYLeon
114/BU/CRE/b.2/2818;Úrbel del Castillo;42.61;-3.84;2006-04-28;NaN;49600.00;Burgos;CastillaYLeon
114/BU/RE/b.2.1/436;Fresno de Rodilla;42.42;-3.48;2006-06-13;NaN;14450.00;Burgos;CastillaYLeon
120/BU/RE/b.2.1/436;Huérmeces;42.54;-3.79;2006-06-28;NaN;11690.00;Burgos;CastillaYLeon
139/BU/RE/b.2.1/436;Huérmeces;42.54;-3.79;2006-02-11;NaN;50000.00;Burgos;CastillaYLeon
140/BU/RE/b.2.1/436;Valle de Valdebezana;42.97;-3.82;2006-09-25;NaN;13600.00;Burgos;CastillaYLeon
162/BU/RE/b.2.1/436;Pedrosa de Río Úrbel;42.42;-3.84;2007-01-30;NaN;49500.00;Burgos;CastillaYLeon
193/BU/RE/b.2.1/661;Pedrosa de Río Úrbel;42.42;-3.84;2007-03-26;NaN;49500.00;Burgos;CastillaYLeon
214/BU/RE/b.2.1/661;Valle de Valdelucio;42.72;-4.08;2007-12-12;NaN;49600.00;Burgos;CastillaYLeon
215/BU/RE/b.2.1/661;Valle de Valdelucio;42.72;-4.08;2007-12-12;NaN;49600.00;Burgos;CastillaYLeon
216/BU/RE/b.2.1/661;Valle de Sedano;42.73;-3.74;2007-12-28;NaN;49500.00;Burgos;CastillaYLeon
253/BU/RE/b.2.1/661;Valle de Sedano;42.73;-3.74;2008-02-19;NaN;15000.00;Burgos;CastillaYLeon
34/BU/CRE/b.2/2818;Valle de Sedano;42.73;-3.74;2000-05-15;NaN;19800.00;Burgos;CastillaYLeon
369/BU/RE/b.2.1/661;Montorio;42.59;-3.77;2008-12-30;NaN;30600.00;Burgos;CastillaYLeon
370/BU/RE/b21/661;Merindad de Río Ubierna;42.56;-3.67;2009-01-30;NaN;18000.00;Burgos;CastillaYLeon
371/BU/RE/b.2.1/661;Villadiego;42.56;-4.02;2009-01-19;NaN;22500.00;Burgos;CastillaYLeon
372/BU/RE/b.2.1/661;Villafranca Montes de Oca;42.37;-3.31;2008-08-29;NaN;30400.00;Burgos;CastillaYLeon
375/BU/RE/b.2.1/661;Merindad de Valdeporres;43.02;-3.76;2009-01-06;NaN;6000.00;Burgos;CastillaYLeon
379/BU/RE/b.2.1/661;Huérmeces;42.54;-3.79;2009-07-28;NaN;18000.00;Burgos;CastillaYLeon
380/BU/RE/b.2.1/661;Merindad de Río Ubierna;42.56;-3.67;2008-10-17;NaN;28000.00;Burgos;CastillaYLeon
381/BU/RE/b.2.1/661;Galbarros;42.52;-3.45;2010-11-02;NaN;12000.00;Burgos;CastillaYLeon
382/BU/RE/b.2.1/661;Salinillas de Bureba;42.56;-3.38;2009-12-18;NaN;42000.00;Burgos;CastillaYLeon
383/BU/RE/b.2.1/661;Merindad de Valdeporres;43.02;-3.76;2008-11-20;NaN;18000.00;Burgos;CastillaYLeon
384/BU/RE/b.2.1/661;Castrojeriz;42.28;-4.14;2009-07-24;NaN;10000.00;Burgos;CastillaYLeon
384/BU/RE/b.2.1/661;Castrojeriz;42.28;-4.14;2008-04-29;NaN;18000.00;Burgos;CastillaYLeon
386/BU/RE/b.2.1/661;Sargentes de la Lora;42.74;-3.89;2009-07-23;NaN;24000.00;Burgos;CastillaYLeon
387/BU/RE/b.2.1/661;Valle de Valdebezana;42.97;-3.82;2009-08-17;NaN;18000.00;Burgos;CastillaYLeon
394/BU/RE/b.2.1/661;Merindad de Río Ubierna;42.56;-3.67;2009-11-17;NaN;20000.00;Burgos;CastillaYLeon
41/BU/RE/b.2/2818;Valle de Manzanedo;42.90;-3.70;2000-05-15;NaN;15180.00;Burgos;CastillaYLeon
414/BU/RE/b21/661;Alfoz de Quintanadueñas;42.40;-3.75;2010-11-30;NaN;46500.00;Burgos;CastillaYLeon
415/BU/RE/b21/661;Alfoz de Quintanadueñas;42.40;-3.75;2010-08-20;NaN;24000.00;Burgos;CastillaYLeon
416/BU/RE/b.2.1/661;Valle de Santibáñez;42.48;-3.82;2022-02-23;NaN;10395.00;Burgos;CastillaYLeon
416/BU/RE/b21/661;Valle de Santibáñez;42.48;-3.82;2010-07-10;NaN;38000.00;Burgos;CastillaYLeon
424/BU/RE/b2.1/661;Carcedo de Burgos;42.28;-3.62;2010-04-08;NaN;24000.00;Burgos;CastillaYLeon
425/BU/RE/b2.1/661;Carcedo de Burgos;42.28;-3.62;2010-04-08;NaN;32000.00;Burgos;CastillaYLeon
426/BU/RE/b2.1/661;Carcedo de Burgos;42.28;-3.62;2010-04-08;NaN;38000.00;Burgos;CastillaYLeon
427/BU/RE/b2.1/661;Carcedo de Burgos;42.28;-3.62;2010-04-08;NaN;18000.00;Burgos;CastillaYLeon
433/BU/RE/b.2.1/661;Castrojeriz;42.28;-4.14;2010-12-22;NaN;50000.00;Burgos;CastillaYLeon
434/BU/RE/b.2.1/661;Cogollos;42.20;-3.70;2010-09-30;NaN;50000.00;Burgos;CastillaYLeon
44/BU/RE/b.2/2818;Altos (Los);42.78;-3.65;2000-03-07;NaN;9000.00;Burgos;CastillaYLeon
446/BU/RE/b.2.1/661;Castrojeriz;42.28;-4.14;2011-03-30;NaN;11200.00;Burgos;CastillaYLeon
447/BU/RE/b.2.1/661;Castellanos de Castro;42.33;-4.03;2011-03-30;NaN;46400.00;Burgos;CastillaYLeon
49/BU/RE/b.2/2818;Valle de Losa;42.99;-3.22;2001-02-10;NaN;300.00;Burgos;CastillaYLeon
520/BU/RE/b.2.1/661;Villadiego;42.56;-4.02;2011-11-22;NaN;40000.00;Burgos;CastillaYLeon
525/BU/RE/b.2.1/661;Balbases (Los);42.22;-4.07;2011-12-13;NaN;49400.00;Burgos;CastillaYLeon
527/BU/RE/b.2.1/661;Hontoria de la Cantera;42.20;-3.64;2011-12-28;NaN;38000.00;Burgos;CastillaYLeon
53/BU/RE/b.2/2818;Altos (Los);42.78;-3.65;2002-01-21;NaN;4800.00;Burgos;CastillaYLeon
543/BU/RE/b.2.1/661;Vallejera;42.19;-4.16;2012-02-24;NaN;41800.00;Burgos;CastillaYLeon
549/BU/RE/b.2.1/661;Balbases (Los);42.22;-4.07;2012-04-27;NaN;49400.00;Burgos;CastillaYLeon
55/BU/RE/b.2/2818;Valle de Manzanedo;42.90;-3.70;2002-09-16;NaN;5100.00;Burgos;CastillaYLeon
556/BU/RE/b.2.1/661;Merindad de Río Ubierna;42.56;-3.67;2012-10-05;NaN;850.00;Burgos;CastillaYLeon
56/BU/RE/b.2/2818;Sargentes de la Lora;42.74;-3.89;2002-01-03;NaN;5280.00;Burgos;CastillaYLeon
58/BU/RE/b.2/2818;Valle de Sedano;42.73;-3.74;2002-03-06;NaN;10200.00;Burgos;CastillaYLeon
59/BU/RE/b.2/2818;Poza de la Sal;42.66;-3.53;2002-06-27;NaN;48020.00;Burgos;CastillaYLeon
60/BU/RE/b.2/2818;Poza de la Sal;42.66;-3.53;2002-02-09;NaN;48740.00;Burgos;CastillaYLeon
605/BU/RE/b.2.1/413;Ausines (Los);42.20;-3.58;2016-09-28;NaN;27000.00;Burgos;CastillaYLeon
608/BU/RE/b.2.1/436;Valle de Valdebezana;42.97;-3.82;2019-09-27;NaN;6600.00;Burgos;CastillaYLeon
609/BU/RE/b21/413;Vallejera;42.19;-4.16;2019-09-24;NaN;27720.00;Burgos;CastillaYLeon
610/BU/RE/b21/413;Vallejera;42.19;-4.16;2019-09-24;NaN;41580.00;Burgos;CastillaYLeon
611/BU/RE/b.2.1/413;Hontoria de la Cantera;42.20;-3.64;2019-12-12;NaN;20000.00;Burgos;CastillaYLeon
614/BU/RE/b.2.1/413;Merindad de Río Ubierna;42.56;-3.67;2020-09-12;NaN;9990.00;Burgos;CastillaYLeon
621/BU/RE/b.2.1/413;Isar;42.39;-3.92;2022-02-24;NaN;18000.00;Burgos;CastillaYLeon
622/BU/RE/b.2.1/413;Isar;42.39;-3.92;2022-02-22;NaN;31500.00;Burgos;CastillaYLeon
625/BU/RE/b.2.1/413;Estépar;42.27;-3.88;2021-10-22;NaN;22000.00;Burgos;CastillaYLeon
627/BU/RE/b.2.1/413;Estépar;42.27;-3.88;2022-09-03;NaN;18000.00;Burgos;CastillaYLeon
64/BU/PA/RE/b.2;Pedrosa del Príncipe;42.24;-4.20;2003-08-04;NaN;38550.00;Burgos;CastillaYLeon
65/BU/RE/b.2/2818;Castrojeriz;42.28;-4.14;2003-08-04;NaN;11100.00;Burgos;CastillaYLeon
68/BU/RE/b.2/2818;Merindad de Río Ubierna;42.56;-3.67;2003-05-30;NaN;9000.00;Burgos;CastillaYLeon
75/BU/RE/b.2/2818;Palazuelos de la Sierra;42.21;-3.46;2004-12-01;NaN;16150.00;Burgos;CastillaYLeon
76/BU/RE/b.2/2818;Villamiel de la Sierra;42.20;-3.41;2004-01-13;NaN;17850.00;Burgos;CastillaYLeon
77/BU/RE/b.2/2818;Merindad de Valdeporres;43.02;-3.76;2004-02-26;NaN;31450.00;Burgos;CastillaYLeon
80/BU/RE/b.2.1/436;Merindad de Valdeporres;43.02;-3.76;2004-03-05;NaN;23800.00;Burgos;CastillaYLeon
83/BU/RE/b.2.1/436;Espinosa de los Monteros;43.11;-3.60;2004-11-24;NaN;29700.00;Burgos;CastillaYLeon
85/BU/RE/b.2.1/436;Merindad de Valdivielso;42.82;-3.55;2004-12-14;NaN;28390.00;Burgos;CastillaYLeon
RE/01/19;Plasencia;40.01;-6.14;2019-01-28;NaN;39375.00;Caceres;Extremadura
0001/09/CA;Tarifa;36.13;-5.68;2009-04-24;NaN;8000.00;Cadiz;Andalucia
0001/09/CA;Tarifa;36.13;-5.68;2009-02-02;NaN;10000.00;Cadiz;Andalucia
0001/09/CA;Tarifa;36.13;-5.68;2008-11-08;NaN;12000.00;Cadiz;Andalucia
0001/09/CA;Tarifa;36.13;-5.68;2008-11-27;NaN;12000.00;Cadiz;Andalucia
0001/10/CA;Jerez de la Frontera;36.68;-5.97;2010-01-21;NaN;21710.00;Cadiz;Andalucia
0001/19/CA;Puerto Real;36.52;-6.11;2019-07-29;NaN;24000.00;Cadiz;Andalucia
0002/10/CA;Tarifa;36.13;-5.68;2009-07-28;NaN;16000.00;Cadiz;Andalucia
0002/10/CA;Tarifa;36.13;-5.68;2009-05-11;NaN;16000.00;Cadiz;Andalucia
0002/19/CA;Jerez de la Frontera;36.68;-5.97;2019-09-29;NaN;28800.00;Cadiz;Andalucia
0002/98/CA;Tarifa;36.13;-5.68;1998-11-30;NaN;30000.00;Cadiz;Andalucia
0003/08/CA;Medina-Sidonia;36.40;-5.87;2008-04-14;NaN;14400.00;Cadiz;Andalucia
0003/09/CA;Vejer de la Frontera;36.28;-5.94;2009-10-29;NaN;4000.00;Cadiz;Andalucia
0003/09/CA;Vejer de la Frontera;36.28;-5.94;2009-09-07;NaN;6000.00;Cadiz;Andalucia
0003/09/CA;Vejer de la Frontera;36.28;-5.94;2009-06-22;NaN;8000.00;Cadiz;Andalucia
0003/10/CA;Alcalá de los Gazules;36.44;-5.69;2009-09-10;NaN;2000.00;Cadiz;Andalucia
0003/10/CA;Alcalá de los Gazules;36.44;-5.69;2008-09-25;NaN;14000.00;Cadiz;Andalucia
0004/08/CA;Alcalá de los Gazules;36.44;-5.69;2009-09-21;NaN;4000.00;Cadiz;Andalucia
0004/08/CA;Alcalá de los Gazules;36.44;-5.69;2008-09-25;NaN;12000.00;Cadiz;Andalucia
0004/08/CA;Alcalá de los Gazules;36.44;-5.69;2007-12-26;NaN;26000.00;Cadiz;Andalucia
0004/09/CA;Vejer de la Frontera;36.28;-5.94;2009-02-26;NaN;16000.00;Cadiz;Andalucia
0004/10/CA;Puerto Real;36.52;-6.11;2012-11-29;NaN;12000.00;Cadiz;Andalucia
0004/10/CA;Puerto Real;36.52;-6.11;2009-04-23;NaN;34000.00;Cadiz;Andalucia
0004/19/CA;Jimena de la Frontera;36.44;-5.47;2019-09-29;NaN;26000.00;Cadiz;Andalucia
0005/10/CA;Chiclana de la Frontera;36.40;-6.11;2009-11-30;NaN;23210.00;Cadiz;Andalucia
0005/19/CA;Vejer de la Frontera;36.28;-5.94;2019-12-20;NaN;7875.00;Cadiz;Andalucia
0014/12/CA;Vejer de la Frontera;36.28;-5.94;2012-08-30;NaN;9000.00;Cadiz;Andalucia
0017/12/CA;Vejer de la Frontera;36.28;-5.94;2012-09-10;NaN;8000.00;Cadiz;Andalucia
0018/05/CA;Tarifa;36.13;-5.68;2004-05-10;NaN;12000.00;Cadiz;Andalucia
0018/12/CA;Vejer de la Frontera;36.28;-5.94;2012-11-10;NaN;9000.00;Cadiz;Andalucia
0019/05/CA;Tarifa;36.13;-5.68;2004-12-21;NaN;12800.00;Cadiz;Andalucia
0020/03/CA;Tarifa;36.13;-5.68;2007-07-09;NaN;18000.00;Cadiz;Andalucia
0020/05/CA;Tarifa;36.13;-5.68;2004-05-05;NaN;15840.00;Cadiz;Andalucia
0021/03/CA;Tarifa;36.13;-5.68;2007-07-25;NaN;21000.00;Cadiz;Andalucia
0021/05/CA;Tarifa;36.13;-5.68;2005-05-05;NaN;13600.00;Cadiz;Andalucia
0022/05/CA;Tarifa;36.13;-5.68;2005-01-03;NaN;24000.00;Cadiz;Andalucia
0029/06/CA;Puerto Real;36.52;-6.11;2007-12-28;NaN;28000.00;Cadiz;Andalucia
0037/00/CA;Barbate;36.20;-5.90;2001-02-09;NaN;7800.00;Cadiz;Andalucia
0049/11/CA;Vejer de la Frontera;36.28;-5.94;2011-03-11;NaN;24000.00;Cadiz;Andalucia
0114/03/CA;Jerez de la Frontera;36.68;-5.97;2008-12-18;NaN;42500.00;Cadiz;Andalucia
0136/04/CA;Jerez de la Frontera;36.68;-5.97;2007-12-26;NaN;20590.00;Cadiz;Andalucia
0137/04/CA;Jerez de la Frontera;36.68;-5.97;2007-12-26;NaN;30000.00;Cadiz;Andalucia
0171/04/CA;Tarifa;36.13;-5.68;2008-08-04;NaN;12000.00;Cadiz;Andalucia
0172/04/CA;Tarifa;36.13;-5.68;2006-06-30;NaN;12000.00;Cadiz;Andalucia
0189/05/CA;Medina-Sidonia;36.40;-5.87;2008-11-27;NaN;22000.00;Cadiz;Andalucia
0190/05/CA;Jerez de la Frontera;36.68;-5.97;2009-08-25;NaN;25300.00;Cadiz;Andalucia
0273/04/CA;Jerez de la Frontera;36.68;-5.97;2008-09-23;NaN;32000.00;Cadiz;Andalucia
0303/08/CA;Medina-Sidonia;36.40;-5.87;2012-04-25;NaN;8000.00;Cadiz;Andalucia
0303/08/CA;Medina-Sidonia;36.40;-5.87;2008-07-28;NaN;26000.00;Cadiz;Andalucia
0361/08/CA;Medina-Sidonia;36.40;-5.87;2015-06-05;NaN;1800.00;Cadiz;Andalucia
0361/08/CA;Medina-Sidonia;36.40;-5.87;2008-07-14;NaN;25720.00;Cadiz;Andalucia
0390/05/CA;Tarifa;36.13;-5.68;2006-10-27;NaN;12000.00;Cadiz;Andalucia
0501/07/CA;Tarifa;36.13;-5.68;2006-01-11;NaN;12000.00;Cadiz;Andalucia
0850/07/CA;Jerez de la Frontera;36.68;-5.97;2009-03-16;NaN;25500.00;Cadiz;Andalucia
0852/07/CA;Jerez de la Frontera;36.68;-5.97;2008-12-16;NaN;28050.00;Cadiz;Andalucia
0893/07/CA;Tarifa;36.13;-5.68;2007-07-02;NaN;18000.00;Cadiz;Andalucia
0894/07/CA;Tarifa;36.13;-5.68;2007-06-19;NaN;16000.00;Cadiz;Andalucia
0909/07/CA;Puerto Real;36.52;-6.11;2012-08-27;NaN;1200.00;Cadiz;Andalucia
1183/06/CA;Jerez de la Frontera;36.68;-5.97;2008-09-23;NaN;24000.00;Cadiz;Andalucia
1184/06/CA;Jerez de la Frontera;36.68;-5.97;2007-12-26;NaN;9940.00;Cadiz;Andalucia
1185/06/CA;Medina-Sidonia;36.40;-5.87;2007-12-26;NaN;8000.00;Cadiz;Andalucia
1186/06/CA;Medina-Sidonia;36.40;-5.87;2007-12-26;NaN;10000.00;Cadiz;Andalucia
REGRE/126/04/CA;Tarifa;36.13;-5.68;2005-12-05;NaN;21000.00;Cadiz;Andalucia
RGRE/006/00/CA;Tarifa;36.13;-5.68;2000-12-15;NaN;660.00;Cadiz;Andalucia
RGRE/023/02/CA;Tarifa;36.13;-5.68;2005-01-17;NaN;44800.00;Cadiz;Andalucia
RGRE/024/02/CA;Tarifa;36.13;-5.68;2004-10-13;NaN;9600.00;Cadiz;Andalucia
RGRE/025/03/CA;Tarifa;36.13;-5.68;2007-10-22;NaN;16000.00;Cadiz;Andalucia
RGRE/026/03/CA;Tarifa;36.13;-5.68;2007-09-13;NaN;8000.00;Cadiz;Andalucia
RGRE/027/03/CA;Tarifa;36.13;-5.68;2007-10-22;NaN;14000.00;Cadiz;Andalucia
RGRE/029/06/CA;Puerto Real;36.52;-6.11;2008-05-02;NaN;4000.00;Cadiz;Andalucia
RGRE/049/01/CA;Barrios (Los);36.22;-5.56;2006-04-08;NaN;24600.00;Cadiz;Andalucia
RGRE/073/00/CA;Tarifa;36.13;-5.68;2006-06-15;NaN;14850.00;Cadiz;Andalucia
RGRE/074/00/CA;Tarifa;36.13;-5.68;2006-07-14;NaN;14850.00;Cadiz;Andalucia
RGRE/075/00/CA;Tarifa;36.13;-5.68;2006-09-19;NaN;14850.00;Cadiz;Andalucia
RGRE/12/00/CA;Tarifa;36.13;-5.68;1995-10-11;NaN;6000.00;Cadiz;Andalucia
RGRE/125/04/CA;Tarifa;36.13;-5.68;2007-02-15;NaN;20000.00;Cadiz;Andalucia
RGRE/127/04/CA;Tarifa;36.13;-5.68;2007-05-28;NaN;20000.00;Cadiz;Andalucia
RGRE/134/04/CA;Medina-Sidonia;36.40;-5.87;2007-12-26;NaN;32000.00;Cadiz;Andalucia
RGRE/14/00/CA;Tarifa;36.13;-5.68;1999-04-27;NaN;10680.00;Cadiz;Andalucia
RGRE/54/99/CA;Tarifa;36.13;-5.68;1999-11-19;NaN;1650.00;Cadiz;Andalucia
RGRE/67/00/CA;Tarifa;36.13;-5.68;2000-06-20;NaN;5490.00;Cadiz;Andalucia
RGRE/909/07/CA;Puerto Real;36.52;-6.11;2007-12-28;NaN;40800.00;Cadiz;Andalucia
RGRE9/03/CA;Jerez de la Frontera;36.68;-5.97;2005-03-23;NaN;24000.00;Cadiz;Andalucia
PDE/09/01;Soba;43.20;-3.55;2010-11-26;NaN;14450.00;Cantabria;Cantabria
PDE/09/01;Soba;43.20;-3.55;2007-12-26;NaN;17850.00;Cantabria;Cantabria
PEE/1/2012;Campoo de Enmedio;42.99;-4.12;2010-02-12;NaN;3000.00;Cantabria;Cantabria
mPE/2/2010;Santander;43.46;-3.83;2011-01-08;NaN;3.50;Cantabria;Cantabria
mPE/3/2013;Santillana del Mar;43.39;-4.09;2013-09-12;NaN;3.50;Cantabria;Cantabria
2618;Barracas;40.00;-0.70;2008-08-14;NaN;6000.00;Castellon;CValenciana
2618;Barracas;40.00;-0.70;2007-11-12;NaN;20000.00;Castellon;CValenciana
2619;Toro (El);39.96;-0.77;2007-11-12;NaN;42000.00;Castellon;CValenciana
2620;Toro (El);39.96;-0.77;2007-11-29;NaN;32300.00;Castellon;CValenciana
2672;Pina de Montalgrao;40.01;-0.65;2008-12-06;NaN;30000.00;Castellon;CValenciana
5046;Barracas;40.00;-0.70;2009-04-11;NaN;10000.00;Castellon;CValenciana
5046;Barracas;40.00;-0.70;2009-06-30;NaN;22000.00;Castellon;CValenciana
CV 1540;Portell de Morella;40.54;-0.27;2007-04-25;NaN;28500.00;Castellon;CValenciana
CV 1715;Portell de Morella;40.54;-0.27;2007-05-07;NaN;37500.00;Castellon;CValenciana
CV-1066;Morella;40.60;-0.08;2006-08-09;NaN;49500.00;Castellon;CValenciana
CV-1203;Castellfort;40.51;-0.20;2006-12-20;NaN;49500.00;Castellon;CValenciana
CV-1204;Castellfort;40.51;-0.20;2006-12-22;NaN;15000.00;Castellon;CValenciana
CV-1205;Castellfort;40.51;-0.20;2006-12-22;NaN;49500.00;Castellon;CValenciana
CV-1945;Morella;40.60;-0.08;2006-10-11;NaN;49500.00;Castellon;CValenciana
CV-2673;Pina de Montalgrao;40.01;-0.65;2008-07-18;NaN;30000.00;Castellon;CValenciana
CV-856;Olocau del Rey;40.64;-0.34;2006-03-30;NaN;25500.00;Castellon;CValenciana
CV-886;Todolella;40.64;-0.26;2006-05-19;NaN;49500.00;Castellon;CValenciana
CV-939;Todolella;40.64;-0.26;2006-08-06;NaN;40500.00;Castellon;CValenciana
CR-b.2.1-0057;Alhambra;38.92;-3.06;2004-06-18;NaN;34000.00;CiudadReal;CastillaLaMancha
CR-b.2.1-0058;Alhambra;38.92;-3.06;2004-08-23;NaN;42000.00;CiudadReal;CastillaLaMancha
CR-b.2.1-0059;Moral de Calatrava;38.79;-3.58;2006-11-30;NaN;40000.00;CiudadReal;CastillaLaMancha
CR-b.2.1-0061;Fuente el Fresno;39.25;-3.83;2007-11-10;NaN;36000.00;CiudadReal;CastillaLaMancha
CR-b.2.1-0062;Cortijos (Los);39.32;-4.04;2007-11-30;NaN;50000.00;CiudadReal;CastillaLaMancha
1;Motilla del Palancar;39.56;-1.91;2020-05-20;NaN;51000.00;Cuenca;CastillaLaMancha
CU-b.2-0038;Sisante;39.40;-2.17;2004-04-22;NaN;49500.00;Cuenca;CastillaLaMancha
CU-b.2-0040;Sisante;39.40;-2.17;2004-01-04;NaN;49500.00;Cuenca;CastillaLaMancha
CU-b.2.1-0016;San Martín de Boniches;39.87;-1.56;2002-08-16;NaN;39950.00;Cuenca;CastillaLaMancha
CU-b.2.1-0017;San Martín de Boniches;39.87;-1.56;2002-08-16;NaN;26350.00;Cuenca;CastillaLaMancha
CU-b.2.1-0018;Mira;39.67;-1.47;2002-08-16;NaN;38250.00;Cuenca;CastillaLaMancha
CU-b.2.1-0019;Graja de Campalbo;39.90;-1.27;2002-08-16;NaN;49300.00;Cuenca;CastillaLaMancha
CU-b.2.1-0020;Mira;39.67;-1.47;2002-02-09;NaN;29750.00;Cuenca;CastillaLaMancha
CU-b.2.1-0022;Tébar;39.50;-2.15;2003-06-30;NaN;49500.00;Cuenca;CastillaLaMancha
CU-b.2.1-0036;Campos del Paraíso;40.03;-2.70;2006-01-03;NaN;38000.00;Cuenca;CastillaLaMancha
CU-b.2.1-0042;Henarejos;39.83;-1.48;2006-12-29;NaN;30000.00;Cuenca;CastillaLaMancha
CU-b.2.1-0051;Tébar;39.50;-2.15;2004-01-22;NaN;49500.00;Cuenca;CastillaLaMancha
CU-b.2.1-0052;Chumillas;39.77;-2.04;2006-10-01;NaN;50000.00;Cuenca;CastillaLaMancha
CU-b.2.1-0053;Tébar;39.50;-2.15;2005-03-18;NaN;49500.00;Cuenca;CastillaLaMancha
CU-b.2.1-0059;Campillo de Altobuey;39.62;-1.80;2004-08-06;NaN;49500.00;Cuenca;CastillaLaMancha
CU-b.2.1-0060;Campillo de Altobuey;39.62;-1.80;2004-07-09;NaN;49500.00;Cuenca;CastillaLaMancha
CU-b.2.1-0063;Algarra;40.03;-1.44;2007-12-31;NaN;50000.00;Cuenca;CastillaLaMancha
CU-b.2.1-0076;Villalba del Rey;40.35;-2.66;2009-01-26;NaN;6000.00;Cuenca;CastillaLaMancha
CU-b.2.1-0076;Villalba del Rey;40.35;-2.66;2007-01-22;NaN;20000.00;Cuenca;CastillaLaMancha
CU-b.2.1-0077;Villalba del Rey;40.35;-2.66;2008-12-26;NaN;6000.00;Cuenca;CastillaLaMancha
CU-b.2.1-0077;Villalba del Rey;40.35;-2.66;2006-12-22;NaN;30000.00;Cuenca;CastillaLaMancha
CU-b.2.1-0351;Villamayor de Santiago;39.73;-2.92;2009-04-08;NaN;34000.00;Cuenca;CastillaLaMancha
CU-b.2.1-5295;Barchín del Hoyo;39.68;-2.04;2012-05-28;NaN;28000.00;Cuenca;CastillaLaMancha
CU-b.2.1-5298;Pinarejo;39.61;-2.42;2012-08-27;NaN;25500.00;Cuenca;CastillaLaMancha
CU-b.2.1-5323;Villanueva de la Jara;39.42;-1.94;2018-03-04;NaN;4370.00;Cuenca;CastillaLaMancha
CU-b.2.1-5324;Villanueva de la Jara;39.42;-1.94;2018-03-04;NaN;3000.00;Cuenca;CastillaLaMancha
CU-b.2.1-5325;Villanueva de la Jara;39.42;-1.94;2018-03-04;NaN;3000.00;Cuenca;CastillaLaMancha
CU-b.2.1-5326;Gascueña;40.30;-2.53;2018-09-11;NaN;3000.00;Cuenca;CastillaLaMancha
CU-b.2.1-5328;Iniesta;39.46;-1.74;2020-03-27;NaN;5000.00;Cuenca;CastillaLaMancha
RE-113594;Torrejoncillo del Rey;40.01;-2.54;2022-01-21;NaN;104500.00;Cuenca;CastillaLaMancha
20-113/30043;Deba;43.26;-2.32;2014-04-04;NaN;1.20;Gipuzkoa;PaisVasco
20-114/29969;Ibarra;43.14;-2.05;2014-04-24;NaN;3.60;Gipuzkoa;PaisVasco
20/115;Zestoa;43.24;-2.24;2014-05-23;NaN;3.60;Gipuzkoa;PaisVasco
0002/09/GR;Lecrín;36.95;-3.53;2009-09-11;NaN;4000.00;Granada;Andalucia
0003/09/GR;Lecrín;36.95;-3.53;2009-09-11;NaN;12000.00;Granada;Andalucia
0003/19/GR;Padul;37.01;-3.67;2019-07-24;NaN;2400.00;Granada;Andalucia
0004/09/GR;Lecrín;36.95;-3.53;2009-09-11;NaN;2000.00;Granada;Andalucia
0005/09/GR;Zújar;37.57;-2.85;2009-09-11;NaN;4000.00;Granada;Andalucia
0005/22/GR;Guadix;37.39;-3.08;2022-03-15;NaN;3500.00;Granada;Andalucia
0009/13/GR;Padul;37.01;-3.67;2013-10-07;NaN;3000.00;Granada;Andalucia
0010/13/GR;Huéneja;37.19;-2.94;2013-10-07;NaN;1500.00;Granada;Andalucia
0033/12/GR;Padul;37.01;-3.67;2010-01-18;NaN;18000.00;Granada;Andalucia
0092/06/GR;Albuñuelas;36.93;-3.69;2011-09-28;NaN;30000.00;Granada;Andalucia
0179/04/GR;Zújar;37.57;-2.85;2007-11-30;NaN;30000.00;Granada;Andalucia
0539/06/GR;Motril;36.75;-3.48;2006-11-28;NaN;17000.00;Granada;Andalucia
0576/05/GR;Padul;37.01;-3.67;2012-11-18;NaN;16000.00;Granada;Andalucia
RGRE/047/02/GR;Motril;36.75;-3.48;2006-12-22;NaN;13600.00;Granada;Andalucia
RGRE/053/04/GR;Lanjarón;36.95;-3.46;2004-08-09;NaN;15000.00;Granada;Andalucia
RGRE/56/02/GR;Loja;37.16;-4.19;2003-10-16;NaN;16150.00;Granada;Andalucia
RGRE/57/02/GR;Loja;37.16;-4.19;2003-10-16;NaN;19550.00;Granada;Andalucia
RGRE/572/05/GR;Dólar;37.21;-2.96;2007-10-31;NaN;49500.00;Granada;Andalucia
RGRE/573/05/GR;Dólar;37.21;-2.96;2007-10-31;NaN;49500.00;Granada;Andalucia
RGRE/574/05/GR;Huéneja;37.19;-2.94;2007-09-20;NaN;49500.00;Granada;Andalucia
RGRE/575/05/GR;Ferreira;37.18;-3.03;2007-11-30;NaN;49500.00;Granada;Andalucia
GU-b-2-1-0180;Somolinos;41.26;-3.07;2005-11-29;NaN;10560.00;Guadalajara;CastillaLaMancha
GU-b.2.1-0037;Campisábalos;41.26;-3.14;2002-05-15;NaN;24420.00;Guadalajara;CastillaLaMancha
GU-b.2.1-0052;Hombrados;40.82;-1.67;2008-06-24;NaN;9000.00;Guadalajara;CastillaLaMancha
GU-b.2.1-0052;Hombrados;40.82;-1.67;2007-12-28;NaN;9000.00;Guadalajara;CastillaLaMancha
GU-b.2.1-0052;Hombrados;40.82;-1.67;2008-05-16;NaN;19800.00;Guadalajara;CastillaLaMancha
GU-b.2.1-0053;Canredondo;40.80;-2.51;2006-10-05;NaN;28000.00;Guadalajara;CastillaLaMancha
GU-b.2.1-0054;Cantalojas;41.23;-3.29;2004-03-30;NaN;24000.00;Guadalajara;CastillaLaMancha
GU-b.2.1-0060;Tartanedo;41.03;-1.94;2009-09-07;NaN;20000.00;Guadalajara;CastillaLaMancha
GU-b.2.1-0060;Tartanedo;41.03;-1.94;2009-06-17;NaN;30000.00;Guadalajara;CastillaLaMancha
GU-b.2.1-0074;Maranchón;41.05;-2.14;2006-03-30;NaN;18000.00;Guadalajara;CastillaLaMancha
GU-b.2.1-0078;Maranchón;41.05;-2.14;2006-03-30;NaN;48000.00;Guadalajara;CastillaLaMancha
GU-b.2.1-0082;Setiles;40.73;-1.60;2006-11-30;NaN;16000.00;Guadalajara;CastillaLaMancha
GU-b.2.1-0082;Setiles;40.73;-1.60;2007-01-26;NaN;24000.00;Guadalajara;CastillaLaMancha
GU-b.2.1-0087;Fuentelsaz;41.06;-1.82;2009-09-23;NaN;14000.00;Guadalajara;CastillaLaMancha
GU-b.2.1-0088;Fuentelsaz;41.06;-1.82;2009-08-19;NaN;16000.00;Guadalajara;CastillaLaMancha
GU-b.2.1-0090;Cantalojas;41.23;-3.29;2007-02-20;NaN;30000.00;Guadalajara;CastillaLaMancha
GU-b.2.1-0114;Luzón;41.03;-2.28;2006-03-30;NaN;38000.00;Guadalajara;CastillaLaMancha
GU-b.2.1-0115;Maranchón;41.05;-2.14;2006-03-30;NaN;32000.00;Guadalajara;CastillaLaMancha
GU-b.2.1-0116;Luzón;41.03;-2.28;2006-04-17;NaN;30000.00;Guadalajara;CastillaLaMancha
GU-b.2.1-0117;Maranchón;41.05;-2.14;2006-03-30;NaN;30000.00;Guadalajara;CastillaLaMancha
GU-b.2.1-0181;Hijes;41.26;-3.02;2006-03-05;NaN;13200.00;Guadalajara;CastillaLaMancha
GU-b.2.1-0183;Bañuelos;41.30;-2.92;2007-12-26;NaN;6000.00;Guadalajara;CastillaLaMancha
GU-b.2.1-0183;Bañuelos;41.30;-2.92;2008-01-25;NaN;14000.00;Guadalajara;CastillaLaMancha
GU-b.2.1-0293;Selas;40.94;-2.11;2008-09-06;NaN;38000.00;Guadalajara;CastillaLaMancha
GU-b.2.1-0294;Selas;40.94;-2.11;2008-04-30;NaN;26000.00;Guadalajara;CastillaLaMancha
GU-b.2.1-1232;Fuentelsaz;41.06;-1.82;2009-08-19;NaN;18000.00;Guadalajara;CastillaLaMancha
GU-b.2.1-1233;Tartanedo;41.03;-1.94;2009-02-09;NaN;2000.00;Guadalajara;CastillaLaMancha
GU-b.2.1-1233;Tartanedo;41.03;-1.94;2009-09-07;NaN;16000.00;Guadalajara;CastillaLaMancha
GU-b.2.1-1233;Tartanedo;41.03;-1.94;2009-06-17;NaN;18000.00;Guadalajara;CastillaLaMancha
GU-b.2.1-1270;Alcolea del Pinar;41.00;-2.48;2011-12-23;NaN;16000.00;Guadalajara;CastillaLaMancha
GU-b.2.1.-0118;Maranchón;41.05;-2.14;2006-03-30;NaN;12000.00;Guadalajara;CastillaLaMancha
0001/11/HU;Ayamonte;37.27;-7.38;2010-12-16;NaN;48000.00;Huelva;Andalucia
0002/10/HU;Huelva;37.27;-6.93;2009-04-11;NaN;50000.00;Huelva;Andalucia
0003/10/HU;Almendro (El);37.55;-7.34;2009-10-13;NaN;28000.00;Huelva;Andalucia
0003/21/HU;Almendro (El);37.55;-7.34;2021-09-12;NaN;43500.00;Huelva;Andalucia
0004/10/HU;Almendro (El);37.55;-7.34;2009-04-11;NaN;40000.00;Huelva;Andalucia
0005/10/HU;Almendro (El);37.55;-7.34;2009-10-21;NaN;17400.00;Huelva;Andalucia
0006/10/HU;Almendro (El);37.55;-7.34;2009-10-21;NaN;38000.00;Huelva;Andalucia
0007/10/HU;Alosno;37.56;-7.09;2009-04-11;NaN;30200.00;Huelva;Andalucia
0008/10/HU;Puebla de Guzmán;37.64;-7.30;2009-04-11;NaN;40000.00;Huelva;Andalucia
0013/10/HU;San Silvestre de Guzmán;37.39;-7.38;2010-11-19;NaN;48000.00;Huelva;Andalucia
RGRE/017/05/HU;Alosno;37.56;-7.09;2005-12-19;NaN;4000.00;Huelva;Andalucia
RGRE/031/02/HU;Granado (El);37.52;-7.43;2003-03-25;NaN;14450.00;Huelva;Andalucia
RGRE/045/04/HU;Granado (El);37.52;-7.43;2006-03-24;NaN;25500.00;Huelva;Andalucia
436/PRE-197/2000;Alcalá de Gurrea;42.10;-0.68;2005-06-29;NaN;18900.00;Huesca;Aragon
436/PRE-200/2000;Gurrea de Gállego;42.02;-0.76;2006-07-21;NaN;2700.00;Huesca;Aragon
436/PRE-414/2004;Gurrea de Gállego;42.02;-0.76;2005-09-08;NaN;31350.00;Huesca;Aragon
436/PRE-556/2005;Huesca;42.13;-0.43;2006-10-07;NaN;39200.00;Huesca;Aragon
661/PRE-2728/2018;Gurrea de Gállego;42.02;-0.76;2018-05-25;NaN;20000.00;Huesca;Aragon
661/PRE-657/2006;Huesca;42.13;-0.43;2009-12-01;NaN;635.00;Huesca;Aragon
RAP/PRE-164/1999;Tardienta;41.96;-0.57;2001-12-19;NaN;49500.00;Huesca;Aragon
RAP/PRE-165/1999;Tardienta;41.96;-0.57;2001-12-19;NaN;44200.00;Huesca;Aragon
RAP/PRE-183/2000;Robres;41.87;-0.47;2007-04-20;NaN;24000.00;Huesca;Aragon
RAP/PRE-200/2000;Gurrea de Gállego;42.02;-0.76;2003-09-26;NaN;36000.00;Huesca;Aragon
RAP/PRE-201/2000;Almudévar;42.06;-0.58;2004-10-03;NaN;36000.00;Huesca;Aragon
RAP/PRE-2777/2019;Gurrea de Gállego;42.02;-0.76;2019-10-14;NaN;30000.00;Huesca;Aragon
RAP/PRE-314/2002;Alcalá de Gurrea;42.10;-0.68;2002-01-02;NaN;28800.00;Huesca;Aragon
RGRE/030/01/JA;Noalejo;37.54;-3.66;2002-06-08;NaN;15180.00;Jaen;Andalucia
PEE/RE-LO-25;Autol;42.20;-1.99;2002-03-27;NaN;30600.00;LaRioja;LaRioja
PEE/RE/LO-20;Autol;42.20;-1.99;2000-03-02;NaN;24420.00;LaRioja;LaRioja
PEE/RE/LO-21;Arnedillo;42.22;-2.24;2001-02-27;NaN;49500.00;LaRioja;LaRioja
PEE/RE/LO-22;Cornago;42.06;-2.10;2003-03-11;NaN;6800.00;LaRioja;LaRioja
PEE/RE/LO-23;Cornago;42.06;-2.10;2003-03-11;NaN;45050.00;LaRioja;LaRioja
PEE/RE/LO-24;Arnedillo;42.22;-2.24;2002-05-23;NaN;49500.00;LaRioja;LaRioja
PEE/RE/LO-26;Autol;42.20;-1.99;2002-07-30;NaN;49500.00;LaRioja;LaRioja
PEE/RE/LO-32;Autol;42.20;-1.99;2003-02-21;NaN;16500.00;LaRioja;LaRioja
PEE/RE/LO-39;Pradejón;42.33;-2.04;2004-03-18;NaN;40500.00;LaRioja;LaRioja
PEE/RE/LO-40;Préjano;42.17;-2.18;2005-01-31;NaN;29750.00;LaRioja;LaRioja
PEE/RE/LO-41;Igea;42.06;-2.03;2006-06-21;NaN;28000.00;LaRioja;LaRioja
PEE/RE/LO-42;Munilla;42.20;-2.33;2005-03-17;NaN;32000.00;LaRioja;LaRioja
PEE/RE/LO-45;Munilla;42.20;-2.33;2007-02-20;NaN;10000.00;LaRioja;LaRioja
PEE/RE/LO-45;Munilla;42.20;-2.33;2004-11-29;NaN;36000.00;LaRioja;LaRioja
035/LE/RE/b.2/2818;Torre del Bierzo;42.58;-6.32;2004-09-14;NaN;2250.00;Leon;CastillaYLeon
035/LE/RE/b.2/2818;Torre del Bierzo;42.58;-6.32;2003-09-23;NaN;5250.00;Leon;CastillaYLeon
035/LE/RE/b.2/2818;Torre del Bierzo;42.58;-6.32;2003-05-19;NaN;33750.00;Leon;CastillaYLeon
152/LE/RE/b.2.1/661;Molinaseca;42.53;-6.46;2007-09-07;NaN;11900.00;Leon;CastillaYLeon
221/LE/RE/b.2.1/661;Lucillo;42.39;-6.37;2008-04-06;NaN;44800.00;Leon;CastillaYLeon
222/LE/RE/b.2.1/661;Lucillo;42.39;-6.37;2009-09-22;NaN;6400.00;Leon;CastillaYLeon
222/LE/RE/b.2.1/661;Lucillo;42.39;-6.37;2008-04-09;NaN;12800.00;Leon;CastillaYLeon
222/LE/RE/b.2.1/661;Lucillo;42.39;-6.37;2008-04-06;NaN;24000.00;Leon;CastillaYLeon
358/LE/RE/b.2.1./661;Lucillo;42.39;-6.37;2007-01-12;NaN;14400.00;Leon;CastillaYLeon
358/LE/RE/b.2.1/661;Lucillo;42.39;-6.37;2008-10-21;NaN;17600.00;Leon;CastillaYLeon
365/LE/RE/b.21./661;Santa Colomba de Somoza;42.47;-6.29;2009-01-21;NaN;22000.00;Leon;CastillaYLeon
367/LE/RE/b.2.1/661;Torre del Bierzo;42.58;-6.32;2009-12-30;NaN;50000.00;Leon;CastillaYLeon
370/LE/RE/b21/661;Igüeña;42.74;-6.27;2009-04-12;NaN;16200.00;Leon;CastillaYLeon
371/LE/RE/b.2.1/661;Quintana del Castillo;42.66;-6.00;2010-01-26;NaN;10800.00;Leon;CastillaYLeon
372/LE/RE/b.2.1/661;Riello;42.81;-6.02;2010-12-17;NaN;24000.00;Leon;CastillaYLeon
377/LE/RE/b21/661;Sahagún;42.37;-5.01;2010-09-24;NaN;8000.00;Leon;CastillaYLeon
378/LE/RE/b21/661;Sahagún;42.37;-5.01;2010-09-24;NaN;34000.00;Leon;CastillaYLeon
379/LE/RE/b21/661;Cea;42.52;-4.97;2010-09-24;NaN;46000.00;Leon;CastillaYLeon
404/LE/RE/b21/661;Folgoso de la Ribera;42.65;-6.33;2010-01-12;NaN;18000.00;Leon;CastillaYLeon
405/LE/RE/b21/661;Folgoso de la Ribera;42.65;-6.33;2010-01-12;NaN;6000.00;Leon;CastillaYLeon
46/LE/RE/b.2.1/436;Castropodame;42.58;-6.44;2004-12-07;NaN;30600.00;Leon;CastillaYLeon
1118;Almatret;41.32;0.41;2012-10-26;NaN;9000.00;Lleida;Cataluna
1168;Granadella (La);41.37;0.65;2012-09-05;NaN;44000.00;Lleida;Cataluna
1187;Vallbona de les Monges;41.50;1.12;2007-10-15;NaN;49500.00;Lleida;Cataluna
1188;Fulleda;41.46;1.03;2007-12-13;NaN;40500.00;Lleida;Cataluna
1260;Fulleda;41.46;1.03;2013-03-27;NaN;9000.00;Lleida;Cataluna
783;Granadella (La);41.37;0.65;2014-11-06;NaN;1800.00;Lleida;Cataluna
783;Granadella (La);41.37;0.65;2010-10-19;NaN;12500.00;Lleida;Cataluna
783;Granadella (La);41.37;0.65;2012-09-03;NaN;35700.00;Lleida;Cataluna
798;Almatret;41.32;0.41;2012-10-31;NaN;48000.00;Lleida;Cataluna
877;Granadella (La);41.37;0.65;2012-09-03;NaN;30000.00;Lleida;Cataluna
900;Almatret;41.32;0.41;2010-10-29;NaN;49400.00;Lleida;Cataluna
RE-01-25;Abadín;43.37;-7.49;2001-03-19;NaN;20460.00;Lugo;Galicia
RE-01-27;Vilalba;43.32;-7.66;2001-09-26;NaN;19500.00;Lugo;Galicia
RE-01-28;Vilalba;43.32;-7.66;2001-09-26;NaN;24700.00;Lugo;Galicia
RE-04-11 (RE-03-09);Viveiro;43.63;-7.59;2003-05-03;NaN;36550.00;Lugo;Galicia
RE-04-14 (RE-00-47);Muras;43.48;-7.66;2000-04-14;NaN;24420.00;Lugo;Galicia
RE-04-36;Abadín;43.37;-7.49;2004-08-30;NaN;41400.00;Lugo;Galicia
RE-05-07;Friol;43.04;-7.81;2003-03-06;NaN;20700.00;Lugo;Galicia
RE-05-09;Valadouro (O);43.54;-7.48;1999-10-19;NaN;19500.00;Lugo;Galicia
RE-05-10;Valadouro (O);43.54;-7.48;1999-10-19;NaN;20250.00;Lugo;Galicia
RE-05-106;Meira;43.22;-7.26;2005-06-27;NaN;49300.00;Lugo;Galicia
RE-05-11;Valadouro (O);43.54;-7.48;1999-10-19;NaN;18750.00;Lugo;Galicia
RE-05-117;Abadín;43.37;-7.49;2005-05-30;NaN;24000.00;Lugo;Galicia
RE-05-12;Abadín;43.37;-7.49;2001-11-26;NaN;22500.00;Lugo;Galicia
RE-05-13;Abadín;43.37;-7.49;2002-10-01;NaN;21000.00;Lugo;Galicia
RE-05-135;Abadín;43.37;-7.49;2005-09-29;NaN;21000.00;Lugo;Galicia
RE-05-14;Ourol;43.56;-7.64;2003-10-31;NaN;14250.00;Lugo;Galicia
RE-05-145;Cervo;43.64;-7.43;2005-12-22;NaN;32500.00;Lugo;Galicia
RE-05-15;Ourol;43.56;-7.64;2003-10-31;NaN;15000.00;Lugo;Galicia
RE-05-16 (RE-04-06);Abadín;43.37;-7.49;2003-11-14;NaN;18750.00;Lugo;Galicia
RE-05-19;Vilalba;43.32;-7.66;2005-01-21;NaN;28800.00;Lugo;Galicia
RE-05-43;Muras;43.48;-7.66;2005-02-02;NaN;40000.00;Lugo;Galicia
RE-05-44;Carballedo;42.52;-7.81;2005-02-22;NaN;14400.00;Lugo;Galicia
RE-05-50;Abadín;43.37;-7.49;2005-02-28;NaN;12750.00;Lugo;Galicia
RE-05-51;Abadín;43.37;-7.49;2005-03-30;NaN;27000.00;Lugo;Galicia
RE-05-52;Fonsagrada (A);43.13;-7.08;2004-02-17;NaN;45540.00;Lugo;Galicia
RE-05-53;Castroverde;43.02;-7.34;2004-06-30;NaN;30360.00;Lugo;Galicia
RE-05-62;Muras;43.48;-7.66;2003-11-17;NaN;9000.00;Lugo;Galicia
RE-05-62;Muras;43.48;-7.66;2004-01-03;NaN;12750.00;Lugo;Galicia
RE-05-69;Vicedo (O);43.68;-7.67;1998-12-21;NaN;24600.00;Lugo;Galicia
RE-05-73;Muras;43.48;-7.66;2005-09-03;NaN;21120.00;Lugo;Galicia
RE-05-79;Muras;43.48;-7.66;1999-03-23;NaN;15840.00;Lugo;Galicia
RE-05-80;Muras;43.48;-7.66;1998-12-22;NaN;24700.00;Lugo;Galicia
RE-05-89;Chantada;42.61;-7.80;2005-12-05;NaN;48000.00;Lugo;Galicia
RE-05-92;Muras;43.48;-7.66;2003-06-20;NaN;17160.00;Lugo;Galicia
RE-05-93;Muras;43.48;-7.66;2003-06-20;NaN;21780.00;Lugo;Galicia
RE-05-94;Muras;43.48;-7.66;2003-06-20;NaN;13200.00;Lugo;Galicia
RE-05-95;Muras;43.48;-7.66;2003-06-20;NaN;21780.00;Lugo;Galicia
RE-06-26;Valadouro (O);43.54;-7.48;2006-05-23;NaN;40300.00;Lugo;Galicia
RE-06-41;Xove;43.67;-7.51;2006-10-19;NaN;20800.00;Lugo;Galicia
RE-06-58;Viveiro;43.63;-7.59;2006-10-19;NaN;44800.00;Lugo;Galicia
RE-07-02;Muras;43.48;-7.66;2006-12-27;NaN;49600.00;Lugo;Galicia
RE-07-104;Ourol;43.56;-7.64;2007-04-10;NaN;18000.00;Lugo;Galicia
RE-07-105;Ourol;43.56;-7.64;2007-09-07;NaN;13200.00;Lugo;Galicia
RE-07-106;Ourol;43.56;-7.64;2007-12-14;NaN;7200.00;Lugo;Galicia
RE-07-110;Mondoñedo;43.44;-7.37;2007-12-26;NaN;48430.00;Lugo;Galicia
RE-07-111;Guitiriz;43.21;-7.86;2007-12-14;NaN;29900.00;Lugo;Galicia
RE-07-69;Viveiro;43.63;-7.59;2006-11-14;NaN;22400.00;Lugo;Galicia
RE-08-266;Sarria;42.77;-7.43;2008-07-17;NaN;20000.00;Lugo;Galicia
RE-09-14;Lugo;43.00;-7.56;2008-10-31;NaN;23500.00;Lugo;Galicia
RE-09-18;Friol;43.04;-7.81;2009-05-22;NaN;24000.00;Lugo;Galicia
RE-10-17;Ourol;43.56;-7.64;2009-12-18;NaN;7800.00;Lugo;Galicia
RE-10-18;Ourol;43.56;-7.64;2009-02-12;NaN;7800.00;Lugo;Galicia
RE-10-29;Pastoriza (A);43.30;-7.36;2010-02-24;NaN;30000.00;Lugo;Galicia
RE-12-18;Vilalba;43.32;-7.66;2011-12-26;NaN;100.00;Lugo;Galicia
RE-12-58;Friol;43.04;-7.81;2012-08-06;NaN;25200.00;Lugo;Galicia
RE-12-62;Cervo;43.64;-7.43;2012-08-23;NaN;100.00;Lugo;Galicia
RE-13-12;Cervo;43.64;-7.43;2013-08-01;NaN;100.00;Lugo;Galicia
REP-09-09;Muras;43.48;-7.66;2007-12-14;NaN;8000.00;Lugo;Galicia
RP-19-02;Láncara;42.85;-7.34;2019-07-05;NaN;15000.00;Lugo;Galicia
RP-19-05;Abadín;43.37;-7.49;2019-09-30;NaN;34650.00;Lugo;Galicia
RP-19-06;Mondoñedo;43.44;-7.37;2019-08-27;NaN;18000.00;Lugo;Galicia
RP-19-07;Mondoñedo;43.44;-7.37;2019-08-10;NaN;9900.00;Lugo;Galicia
RP-19-10;Mondoñedo;43.44;-7.37;2019-10-25;NaN;36000.00;Lugo;Galicia
RP-19-11;Trabada;43.44;-7.18;2019-10-25;NaN;19800.00;Lugo;Galicia
RP-19-12;Pastoriza (A);43.30;-7.36;2019-04-11;NaN;48500.00;Lugo;Galicia
RP-19-14;Pastoriza (A);43.30;-7.36;2019-11-19;NaN;9900.00;Lugo;Galicia
RP-19-15;Paradela;42.74;-7.58;2019-02-12;NaN;42000.00;Lugo;Galicia
RP-19-16;Vicedo (O);43.68;-7.67;2019-11-21;NaN;8000.00;Lugo;Galicia
RP-19-17;Paradela;42.74;-7.58;2019-04-12;NaN;12000.00;Lugo;Galicia
RP-19-18;Castroverde;43.02;-7.34;2020-01-06;NaN;13100.00;Lugo;Galicia
RP-19-18;Castroverde;43.02;-7.34;2019-05-12;NaN;26400.00;Lugo;Galicia
RP-19-19;Castroverde;43.02;-7.34;2020-01-06;NaN;10395.00;Lugo;Galicia
RP-19-19;Castroverde;43.02;-7.34;2019-05-12;NaN;31185.00;Lugo;Galicia
RP-22-01;Ourol;43.56;-7.64;2021-05-11;NaN;22500.00;Lugo;Galicia
RP-22-05;Pastoriza (A);43.30;-7.36;2022-03-22;NaN;100.00;Lugo;Galicia
0001/09/MA;Cañete la Real;36.95;-5.04;2008-12-23;NaN;5800.00;Malaga;Andalucia
0001/19/MA;Almargen;37.02;-5.02;2019-12-12;NaN;34650.00;Malaga;Andalucia
0001/20/MA;Cañete la Real;36.95;-5.04;2020-03-31;NaN;2625.00;Malaga;Andalucia
0001/20/MA;Cañete la Real;36.95;-5.04;2020-11-06;NaN;21000.00;Malaga;Andalucia
0002/09/MA;Cañete la Real;36.95;-5.04;2008-10-23;NaN;27200.00;Malaga;Andalucia
0003/09/MA;Campillos;37.03;-4.86;2009-02-24;NaN;10000.00;Malaga;Andalucia
0003/09/MA;Campillos;37.03;-4.86;2009-04-29;NaN;26000.00;Malaga;Andalucia
0003/10/MA;Almargen;37.02;-5.02;2009-09-30;NaN;38000.00;Malaga;Andalucia
0004/13/MA;Campillos;37.03;-4.86;2013-12-03;NaN;12000.00;Malaga;Andalucia
0004/13/MA;Campillos;37.03;-4.86;2013-02-22;NaN;24000.00;Malaga;Andalucia
0005/09/MA;Campillos;37.03;-4.86;2008-12-15;NaN;28000.00;Malaga;Andalucia
0006/09/MA;Campillos;37.03;-4.86;2008-12-23;NaN;27200.00;Malaga;Andalucia
0006/12/MA;Ardales;36.89;-4.85;2012-01-08;NaN;4500.00;Malaga;Andalucia
0006/12/MA;Ardales;36.89;-4.85;2012-09-25;NaN;13500.00;Malaga;Andalucia
0006/13/MA;Almargen;37.02;-5.02;2013-03-14;NaN;34000.00;Malaga;Andalucia
0018/09/MA;Campillos;37.03;-4.86;2009-09-30;NaN;41650.00;Malaga;Andalucia
0019/09/MA;Campillos;37.03;-4.86;2009-01-10;NaN;10000.00;Malaga;Andalucia
0019/09/MA;Campillos;37.03;-4.86;2009-03-12;NaN;27400.00;Malaga;Andalucia
0019/11/MA;Villanueva de Algaidas;37.19;-4.42;2011-07-21;NaN;20000.00;Malaga;Andalucia
0020/09/MA;Almargen;37.02;-5.02;2008-12-18;NaN;4000.00;Malaga;Andalucia
0020/09/MA;Almargen;37.02;-5.02;2009-07-20;NaN;45300.00;Malaga;Andalucia
0021/09/MA;Ardales;36.89;-4.85;2009-12-08;NaN;4000.00;Malaga;Andalucia
0021/09/MA;Ardales;36.89;-4.85;2008-12-19;NaN;4000.00;Malaga;Andalucia
0021/09/MA;Ardales;36.89;-4.85;2009-09-29;NaN;36000.00;Malaga;Andalucia
0027/04/MA;Álora;36.86;-4.70;2009-08-13;NaN;1700.00;Malaga;Andalucia
0027/04/MA;Álora;36.86;-4.70;2005-01-24;NaN;13600.00;Malaga;Andalucia
0040/10/MA;Sierra de Yeguas;37.15;-4.86;2010-10-25;NaN;26000.00;Malaga;Andalucia
0041/10/MA;Campillos;37.03;-4.86;2010-12-12;NaN;20000.00;Malaga;Andalucia
0095/06/MA;Ardales;36.89;-4.85;2008-08-13;NaN;12000.00;Malaga;Andalucia
0258/07/MA;Ardales;36.89;-4.85;2008-08-13;NaN;12850.00;Malaga;Andalucia
RGRE/055/04/MA;Casares;36.43;-5.28;2012-10-25;NaN;2400.00;Malaga;Andalucia
RGRE/055/04/MA;Casares;36.43;-5.28;2007-02-13;NaN;5600.00;Malaga;Andalucia
RGRE/43/01/MA;Casares;36.43;-5.28;2002-01-22;NaN;33400.00;Malaga;Andalucia
3L10IN000240;Yecla;38.61;-1.15;2010-03-06;NaN;38410.00;Murcia;Murcia
2E01CO6210;Cieza;38.27;-1.47;1998-11-26;NaN;5940.00;Murcia;Murcia
2E01PE111;Unión (La);37.61;-0.88;2000-09-11;NaN;5280.00;Murcia;Murcia
3L12IN000028;Jumilla;38.47;-1.31;2012-02-29;NaN;50000.00;Murcia;Murcia
3L12IN000163;Jumilla;38.47;-1.31;2012-03-09;NaN;22000.00;Murcia;Murcia
3P03PE613;Cieza;38.27;-1.47;2003-04-28;NaN;1700.00;Murcia;Murcia
3P03PE677;Jumilla;38.47;-1.31;2003-08-01;NaN;19550.00;Murcia;Murcia
3P04PE0014;Jumilla;38.47;-1.31;2005-04-26;NaN;22500.00;Murcia;Murcia
3P05PE0045;Cartagena;37.64;-0.99;2005-02-25;NaN;5.00;Murcia;Murcia
3P06PE5368;Murcia;37.92;-1.11;2006-10-18;NaN;45.00;Murcia;Murcia
3P07PE4672/9L08DE002004;Jumilla;38.47;-1.31;2008-02-06;NaN;2550.00;Murcia;Murcia
3P07PE4672/9L08DE002004;Jumilla;38.47;-1.31;2007-06-02;NaN;12750.00;Murcia;Murcia
9L07RD363;Jumilla;38.47;-1.31;2007-02-18;NaN;34000.00;Murcia;Murcia
9L07RD364;Jumilla;38.47;-1.31;2007-12-21;NaN;28000.00;Murcia;Murcia
9L07RD66757;Jumilla;38.47;-1.31;2007-03-07;NaN;20040.00;Murcia;Murcia
1005-1006;Unzué;42.66;-1.62;2001-11-05;NaN;6690.00;Navarra;Navarra
1048-CE;Ujué;42.48;-1.49;2003-07-11;NaN;17400.00;Navarra;Navarra
1050-4;Cabanillas;42.05;-1.52;2021-09-20;NaN;4500.00;Navarra;Navarra
1053-1B;Tudela;42.08;-1.64;2005-12-13;NaN;700.00;Navarra;Navarra
1058-2-CE;Fustiñana;42.03;-1.44;2001-08-14;NaN;1250.00;Navarra;Navarra
1058-3;Fustiñana;42.03;-1.44;2005-12-13;NaN;700.00;Navarra;Navarra
1058-4;Fustiñana;42.03;-1.44;2017-10-30;NaN;1670.00;Navarra;Navarra
1062-CE;Galar;42.75;-1.67;2000-08-23;NaN;12520.00;Navarra;Navarra
1063-3;Aibar/Oibar;42.59;-1.35;2006-01-23;NaN;3000.00;Navarra;Navarra
1064;Sangüesa/Zangoza;42.57;-1.27;1999-12-27;NaN;19140.00;Navarra;Navarra
1065-3;Ibargoiti;42.67;-1.46;2006-01-23;NaN;5640.00;Navarra;Navarra
1065-CE;Ibargoiti;42.67;-1.46;2001-06-13;NaN;22440.00;Navarra;Navarra
1067-2;Unzué;42.66;-1.62;2006-03-31;NaN;15000.00;Navarra;Navarra
1067-2;Unzué;42.66;-1.62;2004-12-24;NaN;27050.00;Navarra;Navarra
1068-2;Caparroso;42.32;-1.66;2005-12-13;NaN;1600.00;Navarra;Navarra
1068-CE;Caparroso;42.32;-1.66;2001-01-23;NaN;28700.00;Navarra;Navarra
1069-2;Tafalla;42.52;-1.71;2001-03-16;NaN;36470.00;Navarra;Navarra
1071-CE;Leoz;42.60;-1.56;2004-10-30;NaN;24650.00;Navarra;Navarra
1074-CE;Falces;42.42;-1.81;2005-07-03;NaN;49500.00;Navarra;Navarra
1075-CE y 1080;Falces;42.42;-1.81;2004-03-24;NaN;48000.00;Navarra;Navarra
1077-CE;Unzué;42.66;-1.62;2003-06-17;NaN;4500.00;Navarra;Navarra
1078-CE;Aguilar de Codés;42.61;-2.38;2004-02-12;NaN;33000.00;Navarra;Navarra
1079-CE;Olite;42.45;-1.67;2004-05-20;NaN;4500.00;Navarra;Navarra
1081-CE;Pueyo;42.57;-1.66;2004-10-22;NaN;4950.00;Navarra;Navarra
1082-CE;Lodosa;42.40;-2.08;2005-09-30;NaN;4950.00;Navarra;Navarra
1083-CE;Enériz;42.66;-1.74;2006-03-31;NaN;4950.00;Navarra;Navarra
1084-CE;Olite;42.45;-1.67;2008-07-31;NaN;4917.00;Navarra;Navarra
1085;Artajona;42.58;-1.76;2010-05-02;NaN;6600.00;Navarra;Navarra
1086;Pueyo;42.57;-1.66;2009-04-29;NaN;3000.00;Navarra;Navarra
1099;Cortes;41.94;-1.44;2019-09-26;NaN;48510.00;Navarra;Navarra
1103;Cadreita;42.23;-1.68;2020-08-25;NaN;27720.00;Navarra;Navarra
1107;Ablitas;41.96;-1.59;2020-06-08;NaN;41580.00;Navarra;Navarra
1111;Cabanillas;42.05;-1.52;2020-12-23;NaN;49995.00;Navarra;Navarra
1142;Añorbe;42.64;-1.73;2019-09-12;NaN;36300.00;Navarra;Navarra
1150;Monreal;42.70;-1.53;2016-02-18;NaN;4500.00;Navarra;Navarra
1153;Buñuel;41.97;-1.45;2022-05-23;NaN;49995.00;Navarra;Navarra
1158;Añorbe;42.64;-1.73;2020-04-03;NaN;13200.00;Navarra;Navarra
1159;Cadreita;42.23;-1.68;2020-08-25;NaN;27720.00;Navarra;Navarra
1160;Valtierra;42.22;-1.62;2020-08-25;NaN;27720.00;Navarra;Navarra
1161;Valtierra;42.22;-1.62;2020-08-25;NaN;27720.00;Navarra;Navarra
CE-1020-P;Aguilar de Codés;42.61;-2.38;2002-07-23;NaN;50000.00;Navarra;Navarra
CE-1021-P;Marañón;42.62;-2.44;2002-07-23;NaN;43200.00;Navarra;Navarra
CE-1058;Fustiñana;42.03;-1.44;2000-02-11;NaN;28700.00;Navarra;Navarra
P-1070-CE;Peralta;42.36;-1.80;2002-02-15;NaN;49500.00;Navarra;Navarra
RAIPRE--1053-2 CE;Tudela;42.08;-1.64;2000-05-30;NaN;30800.00;Navarra;Navarra
RAIPRE-1004-2;Lerga;42.56;-1.50;1999-10-12;NaN;5280.00;Navarra;Navarra
RAIPRE-1053-1CE;Tudela;42.08;-1.64;2000-03-21;NaN;27300.00;Navarra;Navarra
RAIPRE-1067;Añorbe;42.64;-1.73;2007-12-27;NaN;6000.00;Navarra;Navarra
RAIPRE-1067;Añorbe;42.64;-1.73;1999-10-12;NaN;24420.00;Navarra;Navarra
RIRE-1005/1006;Unzué;42.66;-1.62;1998-07-29;NaN;26400.00;Navarra;Navarra
RIRE-1007/1008;Basaburua;43.03;-1.81;1996-02-28;NaN;19200.00;Navarra;Navarra
RIRE-1045;Puente la Reina/Gares;42.70;-1.82;2000-12-22;NaN;19800.00;Navarra;Navarra
RIRE-1049;Ibargoiti;42.67;-1.46;1996-07-30;NaN;33000.00;Navarra;Navarra
RIRE-1060;Leoz;42.60;-1.56;1999-05-28;NaN;14520.00;Navarra;Navarra
RIRE-1061;Unzué;42.66;-1.62;1999-03-06;NaN;23100.00;Navarra;Navarra
RIRE-1063;Aibar/Oibar;42.59;-1.35;2002-02-15;NaN;33840.00;Navarra;Navarra
SCE-1053-1c;Tudela;42.08;-1.64;2016-08-29;NaN;1670.00;Navarra;Navarra
SCE01093;Falces;42.42;-1.81;2013-04-07;NaN;9000.00;Navarra;Navarra
SCE01094;Barásoain;42.61;-1.67;2013-03-13;NaN;15000.00;Navarra;Navarra
SCE01100;Monreal;42.70;-1.53;2014-10-04;NaN;500.00;Navarra;Navarra
SCE01100;Monreal;42.70;-1.53;2011-01-09;NaN;2000.00;Navarra;Navarra
SCE01100;Monreal;42.70;-1.53;2011-04-07;NaN;2000.00;Navarra;Navarra
SCE01100;Monreal;42.70;-1.53;2012-06-09;NaN;3000.00;Navarra;Navarra
SCE01100;Monreal;42.70;-1.53;2011-08-09;NaN;4500.00;Navarra;Navarra
SCE01147;Tudela;42.08;-1.64;2013-12-12;NaN;20.00;Navarra;Navarra
SCE1100;Monreal;42.70;-1.53;2015-04-24;NaN;100.00;Navarra;Navarra
SCE1100;Monreal;42.70;-1.53;2015-01-06;NaN;625.00;Navarra;Navarra
SCE1100;Monreal;42.70;-1.53;2016-09-20;NaN;3465.00;Navarra;Navarra
SCE1100;Monreal;42.70;-1.53;2019-06-14;NaN;5000.00;Navarra;Navarra
RE-02-20;Chandrexa de Queixa;42.25;-7.38;2004-05-14;NaN;10200.00;Ourense;Galicia
RE-02-20;Chandrexa de Queixa;42.25;-7.38;2002-11-07;NaN;12750.00;Ourense;Galicia
RE-04-22 (RE-02-10);Montederramo;42.28;-7.50;2002-10-04;NaN;49240.00;Ourense;Galicia
RE-04-23;Baltar;41.94;-7.74;2004-02-23;NaN;14450.00;Ourense;Galicia
RE-04-23;Baltar;41.94;-7.74;2003-02-04;NaN;27200.00;Ourense;Galicia
RE-04-24 y RE-05-85;Chandrexa de Queixa;42.25;-7.38;2002-02-09;NaN;27200.00;Ourense;Galicia
RE-05-70;Melón;42.27;-8.22;2003-02-01;NaN;39600.00;Ourense;Galicia
RE-07-114;Nogueira de Ramuín;42.40;-7.71;2010-05-02;NaN;12000.00;Ourense;Galicia
RE-07-114;Nogueira de Ramuín;42.40;-7.71;2007-04-26;NaN;28000.00;Ourense;Galicia
RE-07-51(REP-05-34);Ourense;42.35;-7.89;2007-07-02;NaN;6500.00;Ourense;Galicia
RE-07-51(REP-05-34);Ourense;42.35;-7.89;2007-07-23;NaN;15600.00;Ourense;Galicia
RE-07-51(REP-05-34);Ourense;42.35;-7.89;2007-09-25;NaN;15600.00;Ourense;Galicia
RE-09-13;Bande;42.03;-7.97;2009-04-23;NaN;4250.00;Ourense;Galicia
RE-09-13;Bande;42.03;-7.97;2009-02-23;NaN;6000.00;Ourense;Galicia
RE-09-13;Bande;42.03;-7.97;2008-09-23;NaN;9350.00;Ourense;Galicia
RE-12-53;Nogueira de Ramuín;42.40;-7.71;2010-04-29;NaN;2550.00;Ourense;Galicia
REP-05-45;Irixo (O);42.51;-8.14;2007-10-15;NaN;19800.00;Ourense;Galicia
051/PA/RE/b.2/2818;Magaz de Pisuerga;41.99;-4.45;2003-01-12;NaN;1600.00;Palencia;CastillaYLeon
133/PA/RE/b.2.1/436;Dueñas;41.88;-4.56;2006-03-31;NaN;3400.00;Palencia;CastillaYLeon
198/PA/RE/b.2.1/436;Hornillos de Cerrato;41.99;-4.26;2007-04-27;NaN;28000.00;Palencia;CastillaYLeon
199/PA/RE/b.2.1/436;Hornillos de Cerrato;41.99;-4.26;2007-04-27;NaN;30000.00;Palencia;CastillaYLeon
21/PA/RE/A/2366;Pomar de Valdivia;42.78;-4.17;1999-07-04;NaN;600.00;Palencia;CastillaYLeon
215/PA/RE/b.2.1/661;Fuentes de Valdepero;42.06;-4.49;2007-04-27;NaN;30000.00;Palencia;CastillaYLeon
242/PA/RE/b.2.1/661;Grijota;42.05;-4.59;2007-03-20;NaN;4980.00;Palencia;CastillaYLeon
243/PA/RE/b.2.1/661;Puebla de Valdavia (La);42.69;-4.59;2007-11-28;NaN;850.00;Palencia;CastillaYLeon
248/PA/RE/b.2.1/661;Hornillos de Cerrato;41.99;-4.26;2007-11-22;NaN;26000.00;Palencia;CastillaYLeon
249/PA/RE/b.2.1/661;Hornillos de Cerrato;41.99;-4.26;2007-11-22;NaN;22000.00;Palencia;CastillaYLeon
292/PA/RE/b.2.1/661;Ampudia;41.90;-4.77;2007-12-18;NaN;40500.00;Palencia;CastillaYLeon
293/PA/RE/b.2.1/661;Ampudia;41.90;-4.77;2007-12-20;NaN;49500.00;Palencia;CastillaYLeon
294/PA/RE/b.2.1/661;Ampudia;41.90;-4.77;2007-12-18;NaN;4500.00;Palencia;CastillaYLeon
348/PA/RE/b.2.1/661;Hornillos de Cerrato;41.99;-4.26;2008-05-28;NaN;26000.00;Palencia;CastillaYLeon
36/PA/RE/b.2/2818;Aguilar de Campoo;42.79;-4.28;2002-11-27;NaN;1600.00;Palencia;CastillaYLeon
39/PA/BU/RE/b.2/2818;Astudillo;42.16;-4.32;2003-03-31;NaN;49300.00;Palencia;CastillaYLeon
437/PA/RE/b.2.1/661;Torremormojón;41.96;-4.79;2009-11-09;NaN;26720.00;Palencia;CastillaYLeon
438/PA/RE/b.2/661;Magaz de Pisuerga;41.99;-4.45;2009-02-24;NaN;30000.00;Palencia;CastillaYLeon
442/PA/RE/b21/661;Hornillos de Cerrato;41.99;-4.26;2010-01-27;NaN;34000.00;Palencia;CastillaYLeon
443/PA/RE/b.2.1/661;Herrera de Valdecañas;42.04;-4.20;2009-11-12;NaN;26000.00;Palencia;CastillaYLeon
453/PA/RE/b21/661;Población de Cerrato;41.79;-4.43;2010-04-11;NaN;150.00;Palencia;CastillaYLeon
456/PA/RE/b.2.1/661;Cardeñosa de Volpejera;42.23;-4.70;2011-04-13;NaN;40000.00;Palencia;CastillaYLeon
459/PA/RE/b21/661;Ampudia;41.90;-4.77;2010-12-21;NaN;46875.00;Palencia;CastillaYLeon
460/PA/RE/b21/661;Ampudia;41.90;-4.77;2010-12-21;NaN;46875.00;Palencia;CastillaYLeon
461/PA/RE/b21/661;Ampudia;41.90;-4.77;2010-12-21;NaN;46875.00;Palencia;CastillaYLeon
48/PA/RE/b.2/2818;Melgar de Yuso;42.25;-4.27;2004-12-02;NaN;43350.00;Palencia;CastillaYLeon
494/PA/RE/b.2.1/661;Magaz de Pisuerga;41.99;-4.45;2012-02-29;NaN;8000.00;Palencia;CastillaYLeon
495/PA/RE/b.2.1/661;Fuentes de Valdepero;42.06;-4.49;2012-03-16;NaN;4500.00;Palencia;CastillaYLeon
497/PA/RE/b.2.1/661;Fuentes de Valdepero;42.06;-4.49;2012-03-29;NaN;4500.00;Palencia;CastillaYLeon
498/PA/RE/b.2.1/661;Monzón de Campos;42.10;-4.47;2012-04-27;NaN;6000.00;Palencia;CastillaYLeon
499/PA/RE/b.2.1/661;Fuentes de Valdepero;42.06;-4.49;2012-03-29;NaN;1500.00;Palencia;CastillaYLeon
500/PA/RE/b.2.1/661;Monzón de Campos;42.10;-4.47;2012-04-27;NaN;4000.00;Palencia;CastillaYLeon
501/PA/RE/b.2.1/661;Fuentes de Valdepero;42.06;-4.49;2012-03-29;NaN;4000.00;Palencia;CastillaYLeon
502/PA/RE/b.2.1/661;Monzón de Campos;42.10;-4.47;2012-04-27;NaN;8000.00;Palencia;CastillaYLeon
503/PA/RE/b21/661;Hontoria de Cerrato;41.91;-4.42;2012-06-21;NaN;4995.00;Palencia;CastillaYLeon
514/PA/RE/b.2.1/661;Aguilar de Campoo;42.79;-4.28;2013-06-02;NaN;6000.00;Palencia;CastillaYLeon
517/PA/RE/b.2.1/661;Aguilar de Campoo;42.79;-4.28;2013-08-05;NaN;2000.00;Palencia;CastillaYLeon
522/PA/RE/b.2.1/661;Becerril de Campos;42.11;-4.63;2017-05-05;NaN;2000.00;Palencia;CastillaYLeon
526/PA/RE/b21/413;Paredes de Nava;42.17;-4.69;2020-04-11;NaN;39050.00;Palencia;CastillaYLeon
527/PA/RE/b.2.1/413;Paredes de Nava;42.17;-4.69;2020-04-11;NaN;23380.00;Palencia;CastillaYLeon
533/PA/RE/b.2.1/433;Baltanás;41.94;-4.20;2022-07-06;NaN;48000.00;Palencia;CastillaYLeon
63/PA/RE/b.2.1/436;Astudillo;42.16;-4.32;2004-08-10;NaN;33150.00;Palencia;CastillaYLeon
82/PA/RE/b.2.1/436;Magaz de Pisuerga;41.99;-4.45;2005-08-03;NaN;2400.00;Palencia;CastillaYLeon
RE-04-17 (RE-03-04);Lalín;42.66;-8.13;2003-01-30;NaN;31450.00;Pontevedra;Galicia
RE-04-18 (RE-01-31);Lalín;42.66;-8.13;2001-11-26;NaN;49500.00;Pontevedra;Galicia
RE-04-19 (RE-01-31);Silleda;42.69;-8.28;2001-11-26;NaN;49500.00;Pontevedra;Galicia
RE-04-40;Arbo;42.12;-8.32;2004-06-22;NaN;39750.00;Pontevedra;Galicia
RE-05-05;Lama (A);42.41;-8.39;2000-02-11;NaN;29230.00;Pontevedra;Galicia
RE-05-116;Cuntis;42.64;-8.56;2005-08-22;NaN;12.00;Pontevedra;Galicia
RE-05-120;Rodeiro;42.66;-7.95;2005-08-24;NaN;36800.00;Pontevedra;Galicia
RE-05-121;Rodeiro;42.66;-7.95;2005-08-30;NaN;28800.00;Pontevedra;Galicia
RE-05-71;Covelo;42.27;-8.35;2003-07-22;NaN;48100.00;Pontevedra;Galicia
RE-05-84;Lama (A);42.41;-8.39;2005-04-27;NaN;2550.00;Pontevedra;Galicia
RE-07-100;Arbo;42.12;-8.32;2007-10-05;NaN;2700.00;Pontevedra;Galicia
RE-07-113;Catoira;42.66;-8.71;2007-12-21;NaN;11400.00;Pontevedra;Galicia
RE-07-113;Catoira;42.66;-8.71;2006-11-23;NaN;19800.00;Pontevedra;Galicia
RE-07-20;Pontevedra;42.44;-8.62;2006-12-29;NaN;49400.00;Pontevedra;Galicia
RE-08-100;Forcarei;42.58;-8.32;2008-03-26;NaN;1800.00;Pontevedra;Galicia
RE-08-96;Silleda;42.69;-8.28;2007-11-12;NaN;18000.00;Pontevedra;Galicia
RE-09-04;Lalín;42.66;-8.13;2008-07-08;NaN;3000.00;Pontevedra;Galicia
RE-09-20;Cuntis;42.64;-8.56;2009-12-05;NaN;6000.00;Pontevedra;Galicia
RE-10-01;Neves (As);42.12;-8.40;2009-10-16;NaN;2400.00;Pontevedra;Galicia
RE-99-57;Lama (A);42.41;-8.39;2000-02-11;NaN;34980.00;Pontevedra;Galicia
43/SA/RE/b.2.1/436;Frades de la Sierra;40.66;-5.77;2005-07-07;NaN;31450.00;Salamanca;CastillaYLeon
681/SA/RE/b.2.1/661;Sorihuela;40.45;-5.67;2009-02-27;NaN;11690.00;Salamanca;CastillaYLeon
755/SA/RE/b21/661;Garcihernández;40.87;-5.44;2010-04-27;NaN;16200.00;Salamanca;CastillaYLeon
771/SA/RE/b.2.1/661;Santiz;41.21;-5.89;2012-06-15;NaN;4000.00;Salamanca;CastillaYLeon
771/SA/RE/b21/661;Santiz;41.21;-5.89;2011-08-18;NaN;46000.00;Salamanca;CastillaYLeon
787/SA/RE/b.2.1/661;Zamayón;41.16;-5.83;2011-01-12;NaN;34000.00;Salamanca;CastillaYLeon
789/SA/RE/b.2.1/661;Palacios del Arzobispo;41.17;-5.88;2011-12-14;NaN;36000.00;Salamanca;CastillaYLeon
840/SA/RE/b.2.1/413;Alba de Tormes;40.83;-5.51;2016-12-16;NaN;4500.00;Salamanca;CastillaYLeon
10/SG/RE/b.2/2818;Villacastín;40.76;-4.42;2000-12-20;NaN;14520.00;Segovia;CastillaYLeon
29/SG/RE/b.2.1/436;Aldeanueva de la Serrezuela;41.46;-3.79;2004-12-17;NaN;34000.00;Segovia;CastillaYLeon
35/SG/SO/RE/b.2.1/436;Ayllón;41.37;-3.34;2005-04-29;NaN;27200.00;Segovia;CastillaYLeon
0001/09/MP;Corrales (Los);37.11;-5.01;2008-12-29;NaN;16000.00;Sevilla;Andalucia
0001/09/MP;Corrales (Los);37.11;-5.01;2009-04-30;NaN;29000.00;Sevilla;Andalucia
0010/12/SE;Écija;37.52;-5.09;2012-02-03;NaN;30000.00;Sevilla;Andalucia
0014/10/SE;Osuna;37.25;-5.12;2010-09-02;NaN;14000.00;Sevilla;Andalucia
0191/04/SE;Osuna;37.25;-5.12;2009-12-17;NaN;2000.00;Sevilla;Andalucia
0191/04/SE;Osuna;37.25;-5.12;2012-09-10;NaN;6000.00;Sevilla;Andalucia
0191/04/SE;Osuna;37.25;-5.12;2010-05-24;NaN;10000.00;Sevilla;Andalucia
RGRE/1179/06/SE;Osuna;37.25;-5.12;2007-06-29;NaN;28500.00;Sevilla;Andalucia
118/SO/CRE/b.2/2818;Vizmanos;42.02;-2.42;2004-12-29;NaN;47200.00;Soria;CastillaYLeon
13/SO/RE/b.2/2818;Cueva de Ágreda;41.76;-1.88;1998-11-02;NaN;18000.00;Soria;CastillaYLeon
15/SO/RE/A/2366;Beratón;41.72;-1.83;1999-01-12;NaN;19800.00;Soria;CastillaYLeon
16/SO/RE/b.2/2818;Ólvega;41.78;-1.98;1999-12-16;NaN;13860.00;Soria;CastillaYLeon
17/SO/RE/b.2/2818;Ólvega;41.78;-1.98;2000-01-03;NaN;17250.00;Soria;CastillaYLeon
19/SO/RE/b.2/2818;Cueva de Ágreda;41.76;-1.88;2000-12-14;NaN;7260.00;Soria;CastillaYLeon
21/SO/000RE/b.2/2818;Pozalmuro;41.77;-2.10;2001-02-11;NaN;1500.00;Soria;CastillaYLeon
22/SO/RE/b.2/2818;Oncala;41.97;-2.28;2001-12-28;NaN;24750.00;Soria;CastillaYLeon
26/SO/RE/b.2/2818;Tajahuerce;41.75;-2.16;2003-03-20;NaN;18480.00;Soria;CastillaYLeon
28/SO/RE/b.2/2818;San Pedro Manrique;42.04;-2.21;2003-07-31;NaN;24750.00;Soria;CastillaYLeon
29/SO/RE/b.2/2818;Oncala;41.97;-2.28;2003-08-22;NaN;24750.00;Soria;CastillaYLeon
296/SO/RE/b.2.1/661;Medinaceli;41.16;-2.43;2009-01-09;NaN;49940.00;Soria;CastillaYLeon
297/SO/RE/b.2.1/661;Villaciervos;41.77;-2.67;2008-12-29;NaN;12000.00;Soria;CastillaYLeon
298/SO/RE/b.2.1/661;Adradas;41.35;-2.49;2009-07-31;NaN;24000.00;Soria;CastillaYLeon
299/SO/RE/b.2.1/661;Adradas;41.35;-2.49;2009-07-31;NaN;32000.00;Soria;CastillaYLeon
301/SO/RE/b.2.1/661;Medinaceli;41.16;-2.43;2009-07-28;NaN;15000.00;Soria;CastillaYLeon
302/SO/RE/b.2.1/661;Almaluez;41.32;-2.31;2009-08-17;NaN;38000.00;Soria;CastillaYLeon
303/SO/RE/b.2.1/661;Tejado;41.58;-2.30;2009-03-31;NaN;36000.00;Soria;CastillaYLeon
304/SO/RE/b.2.1/661;Alcubilla de las Peñas;41.27;-2.51;2009-07-17;NaN;40000.00;Soria;CastillaYLeon
305/SO/RE/b.2.1/661;Medinaceli;41.16;-2.43;2009-08-14;NaN;42000.00;Soria;CastillaYLeon
306/SO/RE/b21/661;Yelo;41.22;-2.54;2012-04-20;NaN;44000.00;Soria;CastillaYLeon
314/SO/RE/b.2.1/661;Suellacabras;41.85;-2.21;2011-05-31;NaN;50000.00;Soria;CastillaYLeon
331/SO/RE/b.2.1/661;Arcos de Jalón;41.17;-2.25;2012-05-24;NaN;50000.00;Soria;CastillaYLeon
34/SO/RE/b.2.1/2818;Adradas;41.35;-2.49;2004-01-06;NaN;36550.00;Soria;CastillaYLeon
343/SO/RE/b21/661;Ágreda;41.85;-1.90;2013-02-26;NaN;18000.00;Soria;CastillaYLeon
348/SO/RE/b21/661;Tajahuerce;41.75;-2.16;2013-05-22;NaN;13500.00;Soria;CastillaYLeon
352/SO/RE/b.2.1/413;Medinaceli;41.16;-2.43;2020-10-03;NaN;23100.00;Soria;CastillaYLeon
353/SO/RE/b.2.1/413;Momblona;41.45;-2.34;2021-03-31;NaN;21000.00;Soria;CastillaYLeon
36/SO/RE/b.2.1/436;Retortillo de Soria;41.33;-3.03;2004-07-22;NaN;19550.00;Soria;CastillaYLeon
37/SO/RE/b.2.1/436;Adradas;41.35;-2.49;2004-07-22;NaN;28900.00;Soria;CastillaYLeon
38/SO/RE/b.2.1/436;Aldehuelas (Las);42.00;-2.37;2004-10-13;NaN;30400.00;Soria;CastillaYLeon
39/SO/RE/b.2.1/436;Suellacabras;41.85;-2.21;2004-10-27;NaN;49500.00;Soria;CastillaYLeon
40/SO/RE/b.2.1/436;Trévago;41.86;-2.12;2004-10-27;NaN;49500.00;Soria;CastillaYLeon
42/SO/RE/b.2.1/436;Velamazán;41.46;-2.73;2005-08-07;NaN;44350.00;Soria;CastillaYLeon
43/SO/RE/b.2.1/436;Montejo de Tiermes;41.37;-3.20;2005-03-21;NaN;18700.00;Soria;CastillaYLeon
44/SO/RE/b.2.1/436;San Pedro Manrique;42.04;-2.21;2005-03-08;NaN;24750.00;Soria;CastillaYLeon
48/SO/RE/b.2.1/436;Morón de Almazán;41.40;-2.41;2006-05-30;NaN;30000.00;Soria;CastillaYLeon
52/SO/RE/b.2.1/436;Almazán;41.48;-2.56;2006-07-21;NaN;34000.00;Soria;CastillaYLeon
73/SO/RE/b.2.1/436;Alentisque;41.40;-2.34;2007-04-09;NaN;46500.00;Soria;CastillaYLeon
74/SO/RE/b.2.1/661;Fuentelsaz de Soria;41.87;-2.42;2007-12-19;NaN;4980.00;Soria;CastillaYLeon
75/SO/RE/b.2.1/661;Morón de Almazán;41.40;-2.41;2007-12-17;NaN;50000.00;Soria;CastillaYLeon
1057;Caseres;41.04;0.28;2009-04-12;NaN;12600.00;Tarragona;Cataluna
1157;Corbera d'Ebre;41.10;0.48;2010-11-29;NaN;49200.00;Tarragona;Cataluna
1158;Vilalba dels Arcs;41.15;0.40;2009-10-13;NaN;48000.00;Tarragona;Cataluna
1194;Torre de l'Espanyol (La);41.20;0.65;2011-12-28;NaN;6680.00;Tarragona;Cataluna
1194;Torre de l'Espanyol (La);41.20;0.65;2011-03-30;NaN;15030.00;Tarragona;Cataluna
1241;Conesa;41.51;1.28;2009-07-08;NaN;28000.00;Tarragona;Cataluna
1241A;Conesa;41.51;1.28;2011-12-23;NaN;2000.00;Tarragona;Cataluna
1242;Forès;41.49;1.23;2011-03-28;NaN;32000.00;Tarragona;Cataluna
1243;Conesa;41.51;1.28;2010-12-17;NaN;18000.00;Tarragona;Cataluna
1253;Passanant i Belltall;41.52;1.20;2012-11-06;NaN;12000.00;Tarragona;Cataluna
446;Pradell de la Teixeta;41.15;0.87;1999-03-29;NaN;29850.00;Tarragona;Cataluna
535;Tortosa;40.82;0.53;2006-03-27;NaN;29900.00;Tarragona;Cataluna
614;Gandesa;41.05;0.42;2012-09-20;NaN;12000.00;Tarragona;Cataluna
614;Gandesa;41.05;0.42;2012-07-27;NaN;36000.00;Tarragona;Cataluna
616;Batea;41.10;0.30;2011-04-14;NaN;48000.00;Tarragona;Cataluna
737;Fatarella (La);41.17;0.47;2011-08-29;NaN;48000.00;Tarragona;Cataluna
746;Vilalba dels Arcs;41.15;0.40;2010-08-30;NaN;24000.00;Tarragona;Cataluna
799;Ascó;41.16;0.55;2012-03-07;NaN;30000.00;Tarragona;Cataluna
826;Cabra del Camp;41.40;1.30;2009-04-12;NaN;16000.00;Tarragona;Cataluna
910;Forès;41.49;1.23;2008-03-26;NaN;30000.00;Tarragona;Cataluna
950;Caseres;41.04;0.28;2010-05-27;NaN;45000.00;Tarragona;Cataluna
970;Llorac;41.56;1.33;2008-11-18;NaN;44000.00;Tarragona;Cataluna
CAT 719;Vandellòs i l'Hospitalet de l'Infant;41.00;0.84;2007-07-11;NaN;2600.00;Tarragona;Cataluna
CAT-1186;Perelló (El);40.89;0.68;2008-03-20;NaN;3000.00;Tarragona;Cataluna
CAT-411;Perelló (El);40.89;0.68;2000-10-23;NaN;36630.00;Tarragona;Cataluna
CAT-451;Perelló (El);40.89;0.68;2001-06-19;NaN;12750.00;Tarragona;Cataluna
CAT-610;Tortosa;40.82;0.53;2006-03-28;NaN;48100.00;Tarragona;Cataluna
CAT-774;Duesaigües;41.16;0.92;2002-07-18;NaN;2600.00;Tarragona;Cataluna
CAT-820;Vilalba dels Arcs;41.15;0.40;2006-03-27;NaN;3000.00;Tarragona;Cataluna
CAT-828;Pinell de Brai (El);41.02;0.50;2007-03-09;NaN;49900.00;Tarragona;Cataluna
CAT-906;Duesaigües;41.16;0.92;2004-07-10;NaN;7920.00;Tarragona;Cataluna
436/PRE-110/1999;Cañada Vellida;40.70;-0.92;2007-05-18;NaN;40800.00;Teruel;Aragon
436/PRE-132/1999;Pancrudo;40.79;-1.01;2007-11-30;NaN;16150.00;Teruel;Aragon
436/PRE-342/2006;Escucha;40.78;-0.85;2006-11-21;NaN;32300.00;Teruel;Aragon
436/PRE-486/2005;Puebla de Valverde (La);40.21;-0.95;2007-07-31;NaN;25000.00;Teruel;Aragon
436/PRE-486/2005;Puebla de Valverde (La);40.21;-0.95;2019-06-25;NaN;1000.00;Teruel;Aragon
661/PRE-2432/2012;Pancrudo;40.79;-1.01;2012-04-10;NaN;22100.00;Teruel;Aragon
661/PRE-2436/2012;Aliaga;40.68;-0.68;2012-03-12;NaN;36000.00;Teruel;Aragon
RAP/PRE-2780/2019;Alacón;41.05;-0.70;2019-05-12;NaN;39900.00;Teruel;Aragon
RAP/PRE-2781/2019;Cañada Vellida;40.70;-0.92;2019-03-12;NaN;48900.00;Teruel;Aragon
RAP/PRE-2784/2019;Muniesa;41.08;-0.77;2019-05-12;NaN;41400.00;Teruel;Aragon
RAP/PRE-2785/2019;Muniesa;41.08;-0.77;2019-05-12;NaN;46800.00;Teruel;Aragon
RAP/PRE-2810/2019;Allueva;40.98;-1.04;2019-12-13;NaN;25200.00;Teruel;Aragon
RAP/PRE-2812/2019;Fonfría;40.99;-1.09;2019-12-13;NaN;14400.00;Teruel;Aragon
RAP/PRE-2823/2019;Vinaceite;41.27;-0.59;2019-12-19;NaN;34650.00;Teruel;Aragon
RAP/PRE-2832/2019;Monforte de Moyuela;41.05;-1.00;2019-12-27;NaN;19005.00;Teruel;Aragon
RAP/PRE-2832/2019;Monforte de Moyuela;41.05;-1.00;2020-02-06;NaN;30395.00;Teruel;Aragon
RAP/PRE-2840/2020;Loscos;41.07;-1.07;2020-02-06;NaN;22800.00;Teruel;Aragon
RAP/PRE-2842/2020;Allueva;40.98;-1.04;2020-05-28;NaN;13860.00;Teruel;Aragon
RAP/PRE-2852/2020;Formiche Alto;40.32;-0.89;2020-09-25;NaN;24000.00;Teruel;Aragon
RAP/PRE-2855/2020;Blesa;41.07;-0.88;2021-03-16;NaN;18000.00;Teruel;Aragon
RAP/PRE-2868/2020;Blesa;41.07;-0.88;2021-04-26;NaN;21300.00;Teruel;Aragon
RAP/PRE-301-2001;Escucha;40.78;-0.85;2003-05-11;NaN;28380.00;Teruel;Aragon
RAP/PRE-347/2003;Cuevas de Almudén;40.73;-0.82;2003-06-03;NaN;25080.00;Teruel;Aragon
TO-b.2.1-0049;Villacañas;39.58;-3.36;2002-10-14;NaN;31450.00;Toledo;CastillaLaMancha
TO-b.2.1-0072;Madridejos;39.47;-3.54;2006-08-08;NaN;8000.00;Toledo;CastillaLaMancha
TO-b.2.1-0073;Almonacid de Toledo;39.80;-3.85;2007-09-11;NaN;9000.00;Toledo;CastillaLaMancha
TO-b.2.1-0075;Villa de Don Fadrique (La);39.63;-3.20;2007-05-29;NaN;6000.00;Toledo;CastillaLaMancha
TO-b.2.1-0081;Villarrubia de Santiago;40.00;-3.33;2004-02-12;NaN;21250.00;Toledo;CastillaLaMancha
TO-b.2.1-0754;Novés;40.04;-4.27;2006-10-27;NaN;7.20;Toledo;CastillaLaMancha
TO-b.2.1-3818;Lillo;39.70;-3.33;2012-07-09;NaN;7200.00;Toledo;CastillaLaMancha
TO-b.2.1.-0195;Villarrubia de Santiago;40.00;-3.33;2007-04-30;NaN;6800.00;Toledo;CastillaLaMancha
242;Buñol;39.43;-0.85;2002-12-17;NaN;17850.00;Valencia;CValenciana
4361;Jarafuel;39.15;-1.11;2009-06-02;NaN;18400.00;Valencia;CValenciana
4394;Yesa (La);39.90;-0.94;2009-07-09;NaN;31500.00;Valencia;CValenciana
4395;Andilla;39.81;-0.80;2009-07-09;NaN;39000.00;Valencia;CValenciana
4396;Andilla;39.81;-0.80;2012-12-09;NaN;3000.00;Valencia;CValenciana
4396;Andilla;39.81;-0.80;2009-07-09;NaN;25500.00;Valencia;CValenciana
4421;Jarafuel;39.15;-1.11;2009-07-29;NaN;18400.00;Valencia;CValenciana
4421;Jarafuel;39.15;-1.11;2009-07-30;NaN;29900.00;Valencia;CValenciana
4422;Ayora;39.02;-1.07;2009-06-16;NaN;24000.00;Valencia;CValenciana
4458;Ayora;39.02;-1.07;2009-05-29;NaN;38000.00;Valencia;CValenciana
4460;Ayora;39.02;-1.07;2009-03-17;NaN;40000.00;Valencia;CValenciana
4606;Ayora;39.02;-1.07;2010-01-15;NaN;36550.00;Valencia;CValenciana
5292;Enguera;38.96;-0.81;2011-10-08;NaN;37500.00;Valencia;CValenciana
5293;Enguera;38.96;-0.81;2011-10-08;NaN;37500.00;Valencia;CValenciana
5294;Enguera;38.96;-0.81;2011-10-08;NaN;16500.00;Valencia;CValenciana
5494;Alpuente;39.91;-1.03;2012-01-30;NaN;41500.00;Valencia;CValenciana
5495;Yesa (La);39.90;-0.94;2012-01-30;NaN;40000.00;Valencia;CValenciana
5496;Yesa (La);39.90;-0.94;2012-01-30;NaN;26000.00;Valencia;CValenciana
5889;Cofrentes;39.25;-1.08;2020-03-17;NaN;49790.00;Valencia;CValenciana
7692;Ayora;39.02;-1.07;2009-05-22;NaN;44200.00;Valencia;CValenciana
7855;Jalance;39.20;-1.10;2009-05-22;NaN;34500.00;Valencia;CValenciana
CV-242;Buñol;39.43;-0.85;2000-10-01;NaN;2640.00;Valencia;CValenciana
1051/VA/RE/b.2.1/661;Peñaflor de Hornija;41.72;-4.98;2010-12-23;NaN;33750.00;Valladolid;CastillaYLeon
1052/VA/RE/b.2.1/661;Peñaflor de Hornija;41.72;-4.98;2010-12-23;NaN;28125.00;Valladolid;CastillaYLeon
1192/VA/RE/b.2.1/661;Peñaflor de Hornija;41.72;-4.98;2012-10-26;NaN;48990.00;Valladolid;CastillaYLeon
1193/VA/IP-RE/b.2.1/661;Peñaflor de Hornija;41.72;-4.98;2012-10-26;NaN;48990.00;Valladolid;CastillaYLeon
1221/VA/RE/b.2.1/661;Medina del Campo;41.32;-4.90;2013-07-24;NaN;9900.00;Valladolid;CastillaYLeon
1256/VA/RE/b.2.1/413;Castromonte;41.76;-5.05;2019-05-11;NaN;41800.00;Valladolid;CastillaYLeon
1257/VA/RE/b.2.1/413;Torrelobatón;41.66;-5.01;2019-05-11;NaN;33000.00;Valladolid;CastillaYLeon
1258/VA/RE/b.2.1/413;Torrelobatón;41.66;-5.01;2019-05-11;NaN;39600.00;Valladolid;CastillaYLeon
1259/VA/RE/b.2.1/413;Castromonte;41.76;-5.05;2019-06-11;NaN;36300.00;Valladolid;CastillaYLeon
1260/VA/RE/b.2.1/413;Castromonte;41.76;-5.05;2019-11-19;NaN;45045.00;Valladolid;CastillaYLeon
1261/VA/RE/b.2.1/413;Castromonte;41.76;-5.05;2019-11-19;NaN;48510.00;Valladolid;CastillaYLeon
1268/VA/RE/b.2.1/413;Valdenebro de los Valles;41.85;-4.97;2019-12-13;NaN;41580.00;Valladolid;CastillaYLeon
1269/VA/RE/b.2.1/413;Castromonte;41.76;-5.05;2020-02-06;NaN;13200.00;Valladolid;CastillaYLeon
1269/VA/RE/b.2.1/413;Castromonte;41.76;-5.05;2019-12-23;NaN;26400.00;Valladolid;CastillaYLeon
1271/VA/RE/b.2.1/413;Velilla;41.57;-5.00;2019-12-23;NaN;10000.00;Valladolid;CastillaYLeon
1273/VA/RE/b.2.1/413;Valdenebro de los Valles;41.85;-4.97;2020-07-08;NaN;26400.00;Valladolid;CastillaYLeon
1273/VA/RE/b.2.1/413;Valdenebro de los Valles;41.85;-4.97;2020-09-10;NaN;13200.00;Valladolid;CastillaYLeon
1287/VA/RE/b.2.1/413;Valdenebro de los Valles;41.85;-4.97;2020-11-27;NaN;26400.00;Valladolid;CastillaYLeon
1291/VA/RE/b.2.1/413;Villalba de los Alcores;41.84;-4.86;2021-02-25;NaN;41580.00;Valladolid;CastillaYLeon
277/VA/RE/b.2.1/436;Torrelobatón;41.66;-5.01;2007-10-29;NaN;48750.00;Valladolid;CastillaYLeon
286/VA/TOE/b.2.1/661;Torrelobatón;41.66;-5.01;2007-12-26;NaN;39375.00;Valladolid;CastillaYLeon
1017/ZA/RE/b.2.1/661;Muelas del Pan;41.55;-5.99;2012-09-21;NaN;10000.00;Zamora;CastillaYLeon
1021/ZA/RE/b21/661;Ferreruela;41.79;-6.05;2012-09-26;NaN;20000.00;Zamora;CastillaYLeon
1033/ZA/RE/b.2.1/413;Losacino;41.67;-6.07;2019-02-19;NaN;43200.00;Zamora;CastillaYLeon
106/ZA/RE/b.2.1/436;Lubián;42.05;-6.89;2004-10-28;NaN;2000.00;Zamora;CastillaYLeon
107/ZA/RE/b.2.1/436;Lubián;42.05;-6.89;2004-10-21;NaN;50000.00;Zamora;CastillaYLeon
15/ZA/RE/b.2/2818;Lubián;42.05;-6.89;2001-02-08;NaN;19800.00;Zamora;CastillaYLeon
170/ZA/RE/b.2.1/436;Villaferrueña;42.09;-5.87;2002-03-13;NaN;36550.00;Zamora;CastillaYLeon
24/ZA/RE/b.2/2818;Lubián;42.05;-6.89;2002-10-24;NaN;29750.00;Zamora;CastillaYLeon
25/ZA/RE/b.2/2818;Lubián;42.05;-6.89;2002-10-24;NaN;24950.00;Zamora;CastillaYLeon
31/ZA/RE/b.2/2818;Tábara;41.85;-5.99;2003-12-06;NaN;34000.00;Zamora;CastillaYLeon
320/ZA/RE/b.2.1/436;Lubián;42.05;-6.89;2005-01-09;NaN;2000.00;Zamora;CastillaYLeon
398/ZA/RE/b.2.1/661;Toro;41.47;-5.44;2007-07-07;NaN;4980.00;Zamora;CastillaYLeon
46/ZA/CRE/b.2/2818;Lubián;42.05;-6.89;2003-11-17;NaN;12000.00;Zamora;CastillaYLeon
70/ZA/RE/b.2.1/436;Lubián;42.05;-6.89;2004-04-29;NaN;31450.00;Zamora;CastillaYLeon
71/ZA/RE/b.2.1/436;Lubián;42.05;-6.89;2004-04-29;NaN;31450.00;Zamora;CastillaYLeon
84/ZA/RE/b.2.1/436;Requejo;42.03;-6.77;2004-06-30;NaN;39750.00;Zamora;CastillaYLeon
948/ZA/RE/b.2.1/661;Montamarta;41.65;-5.82;2009-07-01;NaN;22400.00;Zamora;CastillaYLeon
949/ZA/RE-/b.2.1/661;Santa Eufemia del Barco;41.69;-5.90;2009-01-13;NaN;35200.00;Zamora;CastillaYLeon
950/ZA/RE/b.2.1/661;Santa Eufemia del Barco;41.69;-5.90;2009-01-13;NaN;22400.00;Zamora;CastillaYLeon
951/ZA/RE/b.2.1/661;Ferreruela;41.79;-6.05;2009-04-06;NaN;40000.00;Zamora;CastillaYLeon
952/ZA/RE/b.2.1/661;Lubián;42.05;-6.89;2009-04-06;NaN;14000.00;Zamora;CastillaYLeon
953/ZA/RE/b.2.1/661;Lubián;42.05;-6.89;2009-07-28;NaN;18000.00;Zamora;CastillaYLeon
961/ZA/RE/b.2.1/661;Monfarracinos;41.56;-5.70;2010-06-22;NaN;5000.00;Zamora;CastillaYLeon
962/ZA/RE/b.2.1/661;Monfarracinos;41.56;-5.70;2010-06-22;NaN;5000.00;Zamora;CastillaYLeon
994/ZA/RE/b21/661;Ferreruela;41.79;-6.05;2011-11-24;NaN;20000.00;Zamora;CastillaYLeon
661/PRE-2770/2019;Pedrola;41.76;-1.26;2019-08-14;NaN;31950.00;Zaragoza;Aragon
436/PRE-185/2000;Belchite;41.33;-0.71;2005-07-12;NaN;47850.00;Zaragoza;Aragon
436/PRE-205/2000;Fuendetodos;41.35;-0.93;2004-10-27;NaN;47200.00;Zaragoza;Aragon
436/PRE-249/2000;Magallón;41.81;-1.40;2006-01-27;NaN;40000.00;Zaragoza;Aragon
436/PRE-251/2000;Alberite de San Juan;41.80;-1.46;2005-05-20;NaN;44800.00;Zaragoza;Aragon
436/PRE-339/2002;Borja;41.85;-1.55;2004-04-05;NaN;1500.00;Zaragoza;Aragon
436/PRE-343/2002;Maella;41.12;0.10;2003-11-08;NaN;29750.00;Zaragoza;Aragon
436/PRE-344/2003;Alfajarín;41.63;-0.65;2007-01-25;NaN;16000.00;Zaragoza;Aragon
436/PRE-356/2003;Rueda de Jalón;41.68;-1.35;2005-02-22;NaN;37500.00;Zaragoza;Aragon
436/PRE-410/2004;Maella;41.12;0.10;2004-06-14;NaN;2000.00;Zaragoza;Aragon
436/PRE-412/2004;Zaragoza;41.68;-0.93;2006-03-31;NaN;29800.00;Zaragoza;Aragon
436/PRE-421/2004;Aguilón;41.29;-1.02;2004-10-27;NaN;36000.00;Zaragoza;Aragon
436/PRE-452/2005;Sestrica;41.48;-1.63;2005-02-15;NaN;28800.00;Zaragoza;Aragon
436/PRE-653/2006;Rueda de Jalón;41.68;-1.35;2007-10-08;NaN;23540.00;Zaragoza;Aragon
436/PRE-79/1998;Muel;41.47;-1.13;1998-06-23;NaN;16200.00;Zaragoza;Aragon
661/PRE-1071/2008;Sestrica;41.48;-1.63;2007-12-26;NaN;11900.00;Zaragoza;Aragon
661/PRE-1107/2008;Sos del Rey Católico;42.46;-1.23;2007-02-04;NaN;30000.00;Zaragoza;Aragon
661/PRE-167/1999;Cadrete;41.55;-0.96;2008-07-25;NaN;1670.00;Zaragoza;Aragon
661/PRE-2153/2010;Ejea de los Caballeros;42.13;-1.20;2009-09-29;NaN;225.00;Zaragoza;Aragon
661/PRE-2194/2011;Tauste;41.95;-1.20;2010-10-25;NaN;10200.00;Zaragoza;Aragon
661/PRE-2270/2011;Aguilón;41.29;-1.02;2011-05-24;NaN;50000.00;Zaragoza;Aragon
661/PRE-2376/2012;Jaulín;41.43;-0.98;2012-08-06;NaN;4500.00;Zaragoza;Aragon
661/PRE-2446/2012;Zaragoza;41.68;-0.93;2012-09-24;NaN;6000.00;Zaragoza;Aragon
661/PRE-2450/2012;Zaragoza;41.68;-0.93;2012-08-31;NaN;6000.00;Zaragoza;Aragon
661/PRE-2462/2013;Borja;41.85;-1.55;2013-03-15;NaN;4500.00;Zaragoza;Aragon
661/PRE-2467/2013;Borja;41.85;-1.55;2013-03-21;NaN;4500.00;Zaragoza;Aragon
661/PRE-2751/2018;Mallén;41.90;-1.43;2018-11-05;NaN;2500.00;Zaragoza;Aragon
661/PRE-378/2004;Zaragoza;41.68;-0.93;2008-12-23;NaN;12000.00;Zaragoza;Aragon
661/PRE-584/2006;Jaulín;41.43;-0.98;2009-02-17;NaN;4500.00;Zaragoza;Aragon
661/PRE-625/2006;Quinto;41.41;-0.53;2008-04-29;NaN;1650.00;Zaragoza;Aragon
RAP/PRE-123/1999;Maella;41.12;0.10;2000-04-04;NaN;4150.00;Zaragoza;Aragon
RAP/PRE-127/1999;Borja;41.85;-1.55;2001-02-15;NaN;1980.00;Zaragoza;Aragon
RAP/PRE-128/1999;Borja;41.85;-1.55;2001-05-29;NaN;21510.00;Zaragoza;Aragon
RAP/PRE-134/1999;Magallón;41.81;-1.40;2003-02-12;NaN;10800.00;Zaragoza;Aragon
RAP/PRE-143/1999;Maella;41.12;0.10;2002-11-22;NaN;49500.00;Zaragoza;Aragon
RAP/PRE-144/1999;Maella;41.12;0.10;2002-11-22;NaN;49500.00;Zaragoza;Aragon
RAP/PRE-145/1999;Pedrola;41.76;-1.26;2001-01-08;NaN;19500.00;Zaragoza;Aragon
RAP/PRE-159/1999;Maella;41.12;0.10;1999-09-13;NaN;16500.00;Zaragoza;Aragon
RAP/PRE-161/1999;Pedrola;41.76;-1.26;2003-09-01;NaN;25500.00;Zaragoza;Aragon
RAP/PRE-163/1999;Pedrola;41.76;-1.26;2003-01-15;NaN;49500.00;Zaragoza;Aragon
RAP/PRE-168/1999;Plasencia de Jalón;41.69;-1.26;1999-10-19;NaN;15000.00;Zaragoza;Aragon
RAP/PRE-189/2000;Maella;41.12;0.10;2000-04-14;NaN;16500.00;Zaragoza;Aragon
RAP/PRE-204/2000;Fuendetodos;41.35;-0.93;2004-10-21;NaN;46000.00;Zaragoza;Aragon
RAP/PRE-213/2000;Maella;41.12;0.10;2002-09-16;NaN;2000.00;Zaragoza;Aragon
RAP/PRE-2521/2014;Alfajarín;41.63;-0.65;2014-11-09;NaN;14000.00;Zaragoza;Aragon
RAP/PRE-2685/2017;Zaragoza;41.68;-0.93;2017-12-29;NaN;18000.00;Zaragoza;Aragon
RAP/PRE-2756/2018;Zaragoza;41.68;-0.93;2018-05-10;NaN;18000.00;Zaragoza;Aragon
RAP/PRE-2757/2018;Rueda de Jalón;41.68;-1.35;2019-03-15;NaN;49950.00;Zaragoza;Aragon
RAP/PRE-2768/2019;Plasencia de Jalón;41.69;-1.26;2019-09-08;NaN;49700.00;Zaragoza;Aragon
RAP/PRE-2776/2019;Pedrosas (Las);42.03;-0.88;2019-08-28;NaN;28875.00;Zaragoza;Aragon
RAP/PRE-2783/2019;Villamayor de Gállego;41.69;-0.74;2019-02-12;NaN;35990.00;Zaragoza;Aragon
RAP/PRE-2786/2019;Gallur;41.86;-1.32;2019-10-23;NaN;17160.00;Zaragoza;Aragon
RAP/PRE-2787/2019;Agón;41.85;-1.44;2019-12-11;NaN;8930.00;Zaragoza;Aragon
RAP/PRE-2788/2019;Agón;41.85;-1.44;2019-11-13;NaN;20625.00;Zaragoza;Aragon
RAP/PRE-2789/2019;Azuara;41.24;-0.91;2019-12-18;NaN;33000.00;Zaragoza;Aragon
RAP/PRE-2790/2019;Gallur;41.86;-1.32;2019-10-23;NaN;15000.00;Zaragoza;Aragon
RAP/PRE-2791/2019;Azuara;41.24;-0.91;2019-12-12;NaN;33000.00;Zaragoza;Aragon
RAP/PRE-2793/2019;Azuara;41.24;-0.91;2019-12-12;NaN;30000.00;Zaragoza;Aragon
RAP/PRE-2794/2019;Azuara;41.24;-0.91;2019-12-12;NaN;38300.00;Zaragoza;Aragon
RAP/PRE-2795/2019;Luna;42.16;-0.93;2019-11-19;NaN;29865.00;Zaragoza;Aragon
RAP/PRE-2796/2019;Pedrola;41.76;-1.26;2019-10-23;NaN;20790.00;Zaragoza;Aragon
RAP/PRE-2797/2019;Fuendetodos;41.35;-0.93;2019-11-18;NaN;23925.00;Zaragoza;Aragon
RAP/PRE-2799/2019;Lumpiaque;41.64;-1.35;2019-12-13;NaN;14975.00;Zaragoza;Aragon
RAP/PRE-2800/2019;Villamayor de Gállego;41.69;-0.74;2019-02-12;NaN;34650.00;Zaragoza;Aragon
RAP/PRE-2801/2019;Villamayor de Gállego;41.69;-0.74;2019-02-12;NaN;39375.00;Zaragoza;Aragon
RAP/PRE-2809/2019;Lumpiaque;41.64;-1.35;2019-12-13;NaN;11930.00;Zaragoza;Aragon
RAP/PRE-2820/2019;Fréscano;41.88;-1.46;2019-12-13;NaN;23925.00;Zaragoza;Aragon
RAP/PRE-2821/2019;Fréscano;41.88;-1.46;2019-12-12;NaN;19800.00;Zaragoza;Aragon
RAP/PRE-2822/2019;Borja;41.85;-1.55;2019-12-13;NaN;24000.00;Zaragoza;Aragon
RAP/PRE-2824/2019;Luna;42.16;-0.93;2019-12-27;NaN;49500.00;Zaragoza;Aragon
RAP/PRE-2825/2019;Sierra de Luna;42.04;-0.93;2019-12-23;NaN;30000.00;Zaragoza;Aragon
RAP/PRE-2826/2019;Pedrosas (Las);42.03;-0.88;2020-02-25;NaN;3750.00;Zaragoza;Aragon
RAP/PRE-2826/2019;Pedrosas (Las);42.03;-0.88;2019-12-26;NaN;26250.00;Zaragoza;Aragon
RAP/PRE-2827/2019;Herrera de los Navarros;41.22;-1.06;2019-12-20;NaN;30000.00;Zaragoza;Aragon
RAP/PRE-2828/2019;Luna;42.16;-0.93;2019-12-27;NaN;49500.00;Zaragoza;Aragon
RAP/PRE-2829/2019;Aguilón;41.29;-1.02;2019-12-20;NaN;10000.00;Zaragoza;Aragon
RAP/PRE-2830/2019;Luna;42.16;-0.93;2019-12-27;NaN;15216.00;Zaragoza;Aragon
RAP/PRE-2830/2019;Luna;42.16;-0.93;2020-01-30;NaN;34284.00;Zaragoza;Aragon
RAP/PRE-2831/2019;Fuentes de Ebro;41.47;-0.63;2019-12-18;NaN;6000.00;Zaragoza;Aragon
RAP/PRE-2835/2020;Azuara;41.24;-0.91;2020-04-03;NaN;17550.00;Zaragoza;Aragon
RAP/PRE-2836/2020;Aguilón;41.29;-1.02;2020-04-03;NaN;20980.00;Zaragoza;Aragon
RAP/PRE-2837/2020;Herrera de los Navarros;41.22;-1.06;2020-04-03;NaN;17550.00;Zaragoza;Aragon
RAP/PRE-2838/2020;Borja;41.85;-1.55;2020-04-03;NaN;22500.00;Zaragoza;Aragon
RAP/PRE-284/2001 y 436/PRE 222/2000;Grisel;41.87;-1.72;2001-03-12;NaN;16500.00;Zaragoza;Aragon
RAP/PRE-2841/2020;Pedrosas (Las);42.03;-0.88;2020-03-19;NaN;21600.00;Zaragoza;Aragon
RAP/PRE-2845/2020;María de Huerva;41.51;-0.99;2020-05-19;NaN;38000.00;Zaragoza;Aragon
RAP/PRE-2846/2020;María de Huerva;41.51;-0.99;2020-12-08;NaN;18970.00;Zaragoza;Aragon
RAP/PRE-2846/2020;María de Huerva;41.51;-0.99;2020-05-19;NaN;30430.00;Zaragoza;Aragon
RAP/PRE-2848/2020;María de Huerva;41.51;-0.99;2020-05-19;NaN;44800.00;Zaragoza;Aragon
RAP/PRE-2849/2020;Mallén;41.90;-1.43;2020-05-15;NaN;3465.00;Zaragoza;Aragon
RAP/PRE-2850/2020;Gallur;41.86;-1.32;2020-02-06;NaN;15000.00;Zaragoza;Aragon
RAP/PRE-2851/2020;Bisimbre;41.86;-1.41;2020-11-09;NaN;22240.00;Zaragoza;Aragon
RAP/PRE-2851/2020;Bisimbre;41.86;-1.41;2020-05-24;NaN;25760.00;Zaragoza;Aragon
RAP/PRE-2853/2020;Magallón;41.81;-1.40;2020-07-07;NaN;30400.00;Zaragoza;Aragon
RAP/PRE-2857/2020;Magallón;41.81;-1.40;2020-10-13;NaN;3830.00;Zaragoza;Aragon
RAP/PRE-2857/2020;Magallón;41.81;-1.40;2020-09-25;NaN;45570.00;Zaragoza;Aragon
RAP/PRE-2858/2020;Villar de los Navarros;41.17;-1.01;2020-06-11;NaN;20000.00;Zaragoza;Aragon
RAP/PRE-2859/2020;Azuara;41.24;-0.91;2020-09-28;NaN;49400.00;Zaragoza;Aragon
RAP/PRE-2860/2020;Herrera de los Navarros;41.22;-1.06;2020-10-13;NaN;49400.00;Zaragoza;Aragon
RAP/PRE-2861/2020;Herrera de los Navarros;41.22;-1.06;2020-10-13;NaN;19000.00;Zaragoza;Aragon
RAP/PRE-2865/2020;Zaragoza;41.68;-0.93;2020-03-12;NaN;49400.00;Zaragoza;Aragon
RAP/PRE-2866/2020;Azuara;41.24;-0.91;2020-10-30;NaN;49400.00;Zaragoza;Aragon
RAP/PRE-2867/2020;Zaragoza;41.68;-0.93;2020-03-12;NaN;49400.00;Zaragoza;Aragon
RAP/PRE-2869/2020;Borja;41.85;-1.55;2021-02-20;NaN;23925.00;Zaragoza;Aragon
RAP/PRE-2870/2020;Aguilón;41.29;-1.02;2020-11-24;NaN;49400.00;Zaragoza;Aragon
RAP/PRE-2872/2020;Fuendejalón;41.73;-1.46;2020-12-17;NaN;50000.00;Zaragoza;Aragon
RAP/PRE-2873/2020;Fuendejalón;41.73;-1.46;2020-12-17;NaN;46000.00;Zaragoza;Aragon
RAP/PRE-2874/2021;Azuara;41.24;-0.91;2021-12-02;NaN;49400.00;Zaragoza;Aragon
RAP/PRE-2875/2021;Azuara;41.24;-0.91;2020-12-15;NaN;49400.00;Zaragoza;Aragon
RAP/PRE-2876/2021;Azuara;41.24;-0.91;2020-12-15;NaN;14500.00;Zaragoza;Aragon
RAP/PRE-2887/2021;Fuendejalón;41.73;-1.46;2021-05-25;NaN;49500.00;Zaragoza;Aragon
RAP/PRE-2888/2021;Pozuelo de Aragón;41.75;-1.38;2021-05-26;NaN;49500.00;Zaragoza;Aragon
RAP/PRE-2896/2021;Rueda de Jalón;41.68;-1.35;2022-10-02;NaN;50000.00;Zaragoza;Aragon
RAP/PRE-2897/2021;Pozuelo de Aragón;41.75;-1.38;2021-01-12;NaN;16120.00;Zaragoza;Aragon
RAP/PRE-2899/2022;Azuara;41.24;-0.91;2022-01-24;NaN;15200.00;Zaragoza;Aragon
RAP/PRE-2907/2022;Rueda de Jalón;41.68;-1.35;2022-04-21;NaN;50000.00;Zaragoza;Aragon
RAP/PRE-2908/2022;Azuara;41.24;-0.91;2022-03-18;NaN;44800.00;Zaragoza;Aragon
RAP/PRE-2909/2022;Luesma;41.16;-1.14;2022-02-23;NaN;25200.00;Zaragoza;Aragon
RAP/PRE-2910/2022;Azuara;41.24;-0.91;2022-09-05;NaN;49500.00;Zaragoza;Aragon
RAP/PRE-296/2001;Borja;41.85;-1.55;2003-12-29;NaN;49500.00;Zaragoza;Aragon
RAP/PRE-319/2002;Zaragoza;41.68;-0.93;2002-07-30;NaN;18000.00;Zaragoza;Aragon
RAP/PRE-320/2002;María de Huerva;41.51;-0.99;2002-05-20;NaN;24000.00;Zaragoza;Aragon
RAP/PRE-321/2002;Zaragoza;41.68;-0.93;2002-05-24;NaN;24000.00;Zaragoza;Aragon
RAP/PRE-322/2002;Zaragoza;41.68;-0.93;2002-07-17;NaN;24000.00;Zaragoza;Aragon
RAP/PRE-323/2002/y436/PRE-430/2004;Tarazona;41.91;-1.75;2002-03-07;NaN;9600.00;Zaragoza;Aragon
RAP/PRE-326/2002;María de Huerva;41.51;-0.99;2002-09-09;NaN;24000.00;Zaragoza;Aragon
RAP/PRE-327/2002;María de Huerva;41.51;-0.99;2002-03-05;NaN;21750.00;Zaragoza;Aragon
RAP/PRE-348/2003;Borja;41.85;-1.55;2004-04-05;NaN;750.00;Zaragoza;Aragon
RAP/PRE-363/2003;Pedrola;41.76;-1.26;2003-04-30;NaN;49500.00;Zaragoza;Aragon
RAP/PRE-379/2003;Muel;41.47;-1.13;2003-05-12;NaN;23250.00;Zaragoza;Aragon
RAP/PRE-58/1997;Maella;41.12;0.10;1997-01-06;NaN;2100.00;Zaragoza;Aragon
RAP/PRE-68/1998;Remolinos;41.85;-1.18;1999-01-15;NaN;11730.00;Zaragoza;Aragon
RAP/PRE-93/1999;Tauste;41.95;-1.20;1999-01-26;NaN;35640.00;Zaragoza;Aragon
RAP/PRE-99/1999;Plasencia de Jalón;41.69;-1.26;1999-07-05;NaN;49500.00;Zaragoza;Aragon
RE-113218;Borja;41.85;-1.55;2021-04-01;NaN;48510.00;Zaragoza;Aragon
RE-113478;Villar de los Navarros;41.17;-1.01;2022-02-02;NaN;179900.00;Zaragoza;Aragon
